time,date,lat,lon,source,mode,dist_m,area_hint
2026-04-22T00:18:00+08:00,2026-04-22,24.8373207,121.0149689,timelinePath,,,台灣 / 桃園-新竹一帶
2026-04-22T00:25:00+08:00,2026-04-22,24.8374354,121.0149231,timelinePath,,,台灣 / 桃園-新竹一帶
2026-04-22T00:38:00+08:00,2026-04-22,24.8374354,121.0149231,timelinePath,,,台灣 / 桃園-新竹一帶
2026-04-22T00:53:00+08:00,2026-04-22,24.8374354,121.0149231,timelinePath,,,台灣 / 桃園-新竹一帶
2026-04-22T01:10:00+08:00,2026-04-22,24.8374033,121.0148846,timelinePath,,,台灣 / 桃園-新竹一帶
2026-04-22T01:27:00+08:00,2026-04-22,24.8373699,121.0148664,timelinePath,,,台灣 / 桃園-新竹一帶
2026-04-22T01:41:00+08:00,2026-04-22,24.8374069,121.0148926,timelinePath,,,台灣 / 桃園-新竹一帶
2026-04-22T01:57:00+08:00,2026-04-22,24.8374138,121.0148676,timelinePath,,,台灣 / 桃園-新竹一帶
2026-04-22T02:08:00+08:00,2026-04-22,24.8373242,121.0147796,timelinePath,,,台灣 / 桃園-新竹一帶
2026-04-22T12:53:00+08:00,2026-04-22,24.8374432,121.0149766,timelinePath,,,台灣 / 桃園-新竹一帶
2026-04-22T12:53:19+08:00,2026-04-22,24.8365577,121.0152395,activity_start,WALKING,137.85057067871094,台灣 / 桃園-新竹一帶
2026-04-22T13:32:00+08:00,2026-04-22,24.8374433,121.0150475,timelinePath,,,台灣 / 桃園-新竹一帶
2026-04-22T13:32:20+08:00,2026-04-22,24.8363966,121.0153494,activity_end,WALKING,137.85057067871094,台灣 / 桃園-新竹一帶
2026-04-22T16:14:00+08:00,2026-04-22,24.8374338,121.0149284,timelinePath,,,台灣 / 桃園-新竹一帶
2026-04-22T16:14:26+08:00,2026-04-22,24.8368071,121.0146815,activity_start,MOTORCYCLING,177.6949920654297,台灣 / 桃園-新竹一帶
2026-04-22T16:15:50+08:00,2026-04-22,24.8360533,121.0162342,activity_end,MOTORCYCLING,177.6949920654297,台灣 / 桃園-新竹一帶
2026-04-22T16:16:00+08:00,2026-04-22,24.8360533,121.0162342,timelinePath,,,台灣 / 桃園-新竹一帶
2026-04-22T16:46:00+08:00,2026-04-22,24.8351441,121.0158661,timelinePath,,,台灣 / 桃園-新竹一帶
2026-04-22T16:46:19+08:00,2026-04-22,24.8351441,121.0158661,activity_start,MOTORCYCLING,116.11693572998047,台灣 / 桃園-新竹一帶
2026-04-22T16:47:48+08:00,2026-04-22,24.8355566,121.014809,activity_end,MOTORCYCLING,116.11693572998047,台灣 / 桃園-新竹一帶
2026-04-22T16:48:00+08:00,2026-04-22,24.8372978,121.0147848,timelinePath,,,台灣 / 桃園-新竹一帶
2026-04-22T18:25:00+08:00,2026-04-22,24.8373398,121.014923,timelinePath,,,台灣 / 桃園-新竹一帶
2026-04-22T18:25:03+08:00,2026-04-22,24.8373398,121.014923,activity_start,IN_PASSENGER_VEHICLE,50955.52734375,台灣 / 桃園-新竹一帶
2026-04-22T18:28:00+08:00,2026-04-22,24.8371366,121.0123986,timelinePath,,,台灣 / 桃園-新竹一帶
2026-04-22T18:30:00+08:00,2026-04-22,24.8353473,121.0119294,timelinePath,,,台灣 / 桃園-新竹一帶
2026-04-22T18:31:00+08:00,2026-04-22,24.8351949,121.0183351,timelinePath,,,台灣 / 桃園-新竹一帶
2026-04-22T18:41:00+08:00,2026-04-22,24.8329473,121.0292887,timelinePath,,,台灣 / 桃園-新竹一帶
2026-04-22T18:41:00+08:00,2026-04-22,24.8311356,121.0337793,timelinePath,,,台灣 / 桃園-新竹一帶
2026-04-22T18:44:00+08:00,2026-04-22,24.8289126,121.0356786,timelinePath,,,台灣 / 桃園-新竹一帶
2026-04-22T18:45:00+08:00,2026-04-22,24.8248211,121.0323624,timelinePath,,,台灣 / 桃園-新竹一帶
2026-04-22T18:49:00+08:00,2026-04-22,24.819835,121.0305274,timelinePath,,,台灣 / 桃園-新竹一帶
2026-04-22T18:52:00+08:00,2026-04-22,24.8139657,121.035326,timelinePath,,,台灣 / 桃園-新竹一帶
2026-04-22T18:56:00+08:00,2026-04-22,24.8195677,121.0290294,timelinePath,,,台灣 / 桃園-新竹一帶
2026-04-22T19:03:00+08:00,2026-04-22,24.8358674,121.0223906,timelinePath,,,台灣 / 桃園-新竹一帶
2026-04-22T19:04:00+08:00,2026-04-22,24.8519853,121.0152911,timelinePath,,,台灣 / 桃園-新竹一帶
2026-04-22T19:04:00+08:00,2026-04-22,24.8577552,121.0096771,timelinePath,,,台灣 / 桃園-新竹一帶
2026-04-22T19:10:00+08:00,2026-04-22,24.8832231,121.0756091,timelinePath,,,台灣 / 桃園-新竹一帶
2026-04-22T19:14:00+08:00,2026-04-22,24.8991551,121.1465173,timelinePath,,,台灣 / 桃園-新竹一帶
2026-04-22T19:19:00+08:00,2026-04-22,24.9613966,121.2052415,timelinePath,,,台灣 / 桃園-新竹一帶
2026-04-22T19:24:00+08:00,2026-04-22,25.0172174,121.2696108,timelinePath,,,台灣 / 桃園-新竹一帶
2026-04-22T19:33:00+08:00,2026-04-22,25.0758012,121.2314493,timelinePath,,,台灣 / 桃園-新竹一帶
2026-04-22T19:33:51+08:00,2026-04-22,25.0758012,121.2314493,activity_end,IN_PASSENGER_VEHICLE,50955.52734375,台灣 / 桃園-新竹一帶
2026-04-22T19:34:00+08:00,2026-04-22,25.0769122,121.2317416,timelinePath,,,台灣 / 桃園-新竹一帶
2026-04-22T20:32:00+08:00,2026-04-22,25.0762339,121.2325277,timelinePath,,,台灣 / 桃園-新竹一帶
2026-04-22T20:34:00+08:00,2026-04-22,25.0762645,121.2325397,timelinePath,,,台灣 / 桃園-新竹一帶
2026-04-22T20:37:00+08:00,2026-04-22,25.0762473,121.2325261,timelinePath,,,台灣 / 桃園-新竹一帶
2026-04-22T20:44:00+08:00,2026-04-22,25.076308,121.2325452,timelinePath,,,台灣 / 桃園-新竹一帶
2026-04-22T20:46:00+08:00,2026-04-22,25.0762781,121.232535,timelinePath,,,台灣 / 桃園-新竹一帶
2026-04-22T20:50:00+08:00,2026-04-22,25.0763348,121.2325343,timelinePath,,,台灣 / 桃園-新竹一帶
2026-04-22T20:52:00+08:00,2026-04-22,25.076229,121.2325253,timelinePath,,,台灣 / 桃園-新竹一帶
2026-04-22T20:55:00+08:00,2026-04-22,25.0762384,121.232545,timelinePath,,,台灣 / 桃園-新竹一帶
2026-04-22T20:57:00+08:00,2026-04-22,25.0762351,121.2325289,timelinePath,,,台灣 / 桃園-新竹一帶
2026-04-22T21:01:00+08:00,2026-04-22,25.0763585,121.2324865,timelinePath,,,台灣 / 桃園-新竹一帶
2026-04-22T21:03:00+08:00,2026-04-22,25.0762707,121.2324865,timelinePath,,,台灣 / 桃園-新竹一帶
2026-04-22T21:05:00+08:00,2026-04-22,25.0763578,121.2328116,timelinePath,,,台灣 / 桃園-新竹一帶
2026-04-22T21:06:00+08:00,2026-04-22,25.0763693,121.2328441,timelinePath,,,台灣 / 桃園-新竹一帶
2026-04-22T21:10:00+08:00,2026-04-22,25.0771851,121.232217,timelinePath,,,台灣 / 桃園-新竹一帶
2026-04-22T21:21:00+08:00,2026-04-22,25.0772068,121.2330812,timelinePath,,,台灣 / 桃園-新竹一帶
2026-04-22T21:23:00+08:00,2026-04-22,25.0773392,121.2329261,timelinePath,,,台灣 / 桃園-新竹一帶
2026-04-22T21:26:00+08:00,2026-04-22,25.0772159,121.2330488,timelinePath,,,台灣 / 桃園-新竹一帶
2026-04-22T21:28:00+08:00,2026-04-22,25.0772345,121.2330349,timelinePath,,,台灣 / 桃園-新竹一帶
2026-04-22T21:33:00+08:00,2026-04-22,25.0772119,121.233023,timelinePath,,,台灣 / 桃園-新竹一帶
2026-04-22T21:35:00+08:00,2026-04-22,25.0771986,121.2330539,timelinePath,,,台灣 / 桃園-新竹一帶
2026-04-22T21:39:00+08:00,2026-04-22,25.0771954,121.2330197,timelinePath,,,台灣 / 桃園-新竹一帶
2026-04-22T21:43:00+08:00,2026-04-22,25.0771954,121.2330197,timelinePath,,,台灣 / 桃園-新竹一帶
2026-04-22T21:50:00+08:00,2026-04-22,25.0773052,121.2329656,timelinePath,,,台灣 / 桃園-新竹一帶
2026-04-22T21:52:00+08:00,2026-04-22,25.0772604,121.2330394,timelinePath,,,台灣 / 桃園-新竹一帶
2026-04-22T21:53:00+08:00,2026-04-22,25.077229,121.2330542,timelinePath,,,台灣 / 桃園-新竹一帶
2026-04-22T21:57:00+08:00,2026-04-22,25.0772399,121.2330599,timelinePath,,,台灣 / 桃園-新竹一帶
2026-04-22T21:59:00+08:00,2026-04-22,25.077238,121.2330283,timelinePath,,,台灣 / 桃園-新竹一帶
2026-04-22T22:03:00+08:00,2026-04-22,25.0781225,121.2319631,timelinePath,,,台灣 / 桃園-新竹一帶
2026-04-22T22:10:00+08:00,2026-04-22,25.0770922,121.2287948,timelinePath,,,台灣 / 桃園-新竹一帶
2026-04-22T22:47:00+08:00,2026-04-22,25.0772919,121.2284746,timelinePath,,,台灣 / 桃園-新竹一帶
2026-04-22T22:47:07+08:00,2026-04-22,25.0772919,121.2284746,activity_start,FLYING,6554657.5,台灣 / 桃園-新竹一帶
2026-04-23T08:31:00+08:00,2026-04-23,25.2443532,55.3703818,timelinePath,,,杜拜機場 / 杜拜周邊
2026-04-23T08:35:48+08:00,2026-04-23,25.2443532,55.3703818,activity_end,FLYING,6554657.5,杜拜機場 / 杜拜周邊
2026-04-23T08:36:00+08:00,2026-04-23,25.2435155,55.3718856,timelinePath,,,杜拜機場 / 杜拜周邊
2026-04-23T08:40:00+08:00,2026-04-23,25.243266,55.3728272,timelinePath,,,杜拜機場 / 杜拜周邊
2026-04-23T08:44:00+08:00,2026-04-23,25.2433468,55.372771,timelinePath,,,杜拜機場 / 杜拜周邊
2026-04-23T08:45:00+08:00,2026-04-23,25.2435137,55.372431,timelinePath,,,杜拜機場 / 杜拜周邊
2026-04-23T08:49:00+08:00,2026-04-23,25.2432118,55.3724292,timelinePath,,,杜拜機場 / 杜拜周邊
2026-04-23T08:51:00+08:00,2026-04-23,25.2431542,55.3724795,timelinePath,,,杜拜機場 / 杜拜周邊
2026-04-23T08:53:00+08:00,2026-04-23,25.2432904,55.3724434,timelinePath,,,杜拜機場 / 杜拜周邊
2026-04-23T08:54:00+08:00,2026-04-23,25.243469,55.3724615,timelinePath,,,杜拜機場 / 杜拜周邊
2026-04-23T08:58:00+08:00,2026-04-23,25.2455408,55.3643027,timelinePath,,,杜拜機場 / 杜拜周邊
2026-04-23T08:59:00+08:00,2026-04-23,25.2455408,55.3643027,timelinePath,,,杜拜機場 / 杜拜周邊
2026-04-23T09:03:00+08:00,2026-04-23,25.2486451,55.3611127,timelinePath,,,杜拜機場 / 杜拜周邊
2026-04-23T09:09:00+08:00,2026-04-23,25.2479032,55.3624288,timelinePath,,,杜拜機場 / 杜拜周邊
2026-04-23T09:12:00+08:00,2026-04-23,25.2478165,55.3624143,timelinePath,,,杜拜機場 / 杜拜周邊
2026-04-23T09:17:00+08:00,2026-04-23,25.2479651,55.3625119,timelinePath,,,杜拜機場 / 杜拜周邊
2026-04-23T09:22:00+08:00,2026-04-23,25.247447,55.3635075,timelinePath,,,杜拜機場 / 杜拜周邊
2026-04-23T09:27:00+08:00,2026-04-23,25.2475267,55.3634416,timelinePath,,,杜拜機場 / 杜拜周邊
2026-04-23T09:33:00+08:00,2026-04-23,25.248316,55.3619865,timelinePath,,,杜拜機場 / 杜拜周邊
2026-04-23T09:35:00+08:00,2026-04-23,25.247889,55.3625037,timelinePath,,,杜拜機場 / 杜拜周邊
2026-04-23T09:39:00+08:00,2026-04-23,25.2479467,55.362482,timelinePath,,,杜拜機場 / 杜拜周邊
2026-04-23T09:41:00+08:00,2026-04-23,25.2475395,55.3633253,timelinePath,,,杜拜機場 / 杜拜周邊
2026-04-23T09:49:00+08:00,2026-04-23,25.2475678,55.363712,timelinePath,,,杜拜機場 / 杜拜周邊
2026-04-23T09:52:00+08:00,2026-04-23,25.2478146,55.3631188,timelinePath,,,杜拜機場 / 杜拜周邊
2026-04-23T09:56:00+08:00,2026-04-23,25.2473627,55.3641555,timelinePath,,,杜拜機場 / 杜拜周邊
2026-04-23T10:00:00+08:00,2026-04-23,25.2464642,55.3653401,timelinePath,,,杜拜機場 / 杜拜周邊
2026-04-23T10:37:36+08:00,2026-04-23,25.2472504,55.3646485,activity_start,FLYING,5649472.5,杜拜機場 / 杜拜周邊
2026-04-23T10:38:00+08:00,2026-04-23,25.2472504,55.3646485,timelinePath,,,杜拜機場 / 杜拜周邊
2026-04-23T19:42:00+08:00,2026-04-23,40.4953616,-3.5667802,timelinePath,,,馬德里 / 塞哥維亞 / 托雷多一帶
2026-04-23T19:43:00+08:00,2026-04-23,40.497434,-3.5668217,timelinePath,,,馬德里 / 塞哥維亞 / 托雷多一帶
2026-04-23T19:54:00+08:00,2026-04-23,40.4897131,-3.58997,timelinePath,,,馬德里 / 塞哥維亞 / 托雷多一帶
2026-04-23T19:56:00+08:00,2026-04-23,40.4930439,-3.5683407,timelinePath,,,馬德里 / 塞哥維亞 / 托雷多一帶
2026-04-23T19:57:51+08:00,2026-04-23,40.4953616,-3.5667802,activity_end,FLYING,5649472.5,馬德里 / 塞哥維亞 / 托雷多一帶
2026-04-23T19:58:00+08:00,2026-04-23,40.4936354,-3.5684846,timelinePath,,,馬德里 / 塞哥維亞 / 托雷多一帶
2026-04-23T20:07:00+08:00,2026-04-23,40.4951052,-3.5669066,timelinePath,,,馬德里 / 塞哥維亞 / 托雷多一帶
2026-04-23T20:33:00+08:00,2026-04-23,40.4897327,-3.5893371,timelinePath,,,馬德里 / 塞哥維亞 / 托雷多一帶
2026-04-23T20:37:00+08:00,2026-04-23,40.4910593,-3.5910194,timelinePath,,,馬德里 / 塞哥維亞 / 托雷多一帶
2026-04-23T22:09:00+08:00,2026-04-23,40.4952753,-3.5917326,timelinePath,,,馬德里 / 塞哥維亞 / 托雷多一帶
2026-04-23T22:12:00+08:00,2026-04-23,40.4942258,-3.5941318,timelinePath,,,馬德里 / 塞哥維亞 / 托雷多一帶
2026-04-23T22:28:00+08:00,2026-04-23,40.4949762,-3.5944,timelinePath,,,馬德里 / 塞哥維亞 / 托雷多一帶
2026-04-23T22:28:02+08:00,2026-04-23,40.4969173,-3.5945349,activity_start,IN_BUS,101784.8125,馬德里 / 塞哥維亞 / 托雷多一帶
2026-04-23T22:32:00+08:00,2026-04-23,40.5258901,-3.5989536,timelinePath,,,馬德里 / 塞哥維亞 / 托雷多一帶
2026-04-23T22:32:00+08:00,2026-04-23,40.5294869,-3.6078568,timelinePath,,,馬德里 / 塞哥維亞 / 托雷多一帶
2026-04-23T22:41:00+08:00,2026-04-23,40.513854,-3.6637595,timelinePath,,,馬德里 / 塞哥維亞 / 托雷多一帶
2026-04-23T22:44:00+08:00,2026-04-23,40.5199358,-3.6820394,timelinePath,,,馬德里 / 塞哥維亞 / 托雷多一帶
2026-04-23T22:48:00+08:00,2026-04-23,40.5189609,-3.689725,timelinePath,,,馬德里 / 塞哥維亞 / 托雷多一帶
2026-04-23T22:54:00+08:00,2026-04-23,40.5097847,-3.7046439,timelinePath,,,馬德里 / 塞哥維亞 / 托雷多一帶
2026-04-23T23:02:00+08:00,2026-04-23,40.4660496,-3.7941568,timelinePath,,,馬德里 / 塞哥維亞 / 托雷多一帶
2026-04-23T23:07:00+08:00,2026-04-23,40.487253,-3.8644157,timelinePath,,,馬德里 / 塞哥維亞 / 托雷多一帶
2026-04-23T23:16:00+08:00,2026-04-23,40.594673,-3.9532536,timelinePath,,,馬德里 / 塞哥維亞 / 托雷多一帶
2026-04-23T23:20:00+08:00,2026-04-23,40.6335744,-4.0020669,timelinePath,,,馬德里 / 塞哥維亞 / 托雷多一帶
2026-04-23T23:26:00+08:00,2026-04-23,40.669312,-4.1026139,timelinePath,,,馬德里 / 塞哥維亞 / 托雷多一帶
2026-04-23T23:31:00+08:00,2026-04-23,40.7151954,-4.1665611,timelinePath,,,馬德里 / 塞哥維亞 / 托雷多一帶
2026-04-23T23:32:00+08:00,2026-04-23,40.713876,-4.1800967,timelinePath,,,馬德里 / 塞哥維亞 / 托雷多一帶
2026-04-23T23:33:00+08:00,2026-04-23,40.720765,-4.1900495,timelinePath,,,馬德里 / 塞哥維亞 / 托雷多一帶
2026-04-23T23:38:00+08:00,2026-04-23,40.7770386,-4.2117127,timelinePath,,,馬德里 / 塞哥維亞 / 托雷多一帶
2026-04-23T23:44:00+08:00,2026-04-23,40.8413811,-4.1509945,timelinePath,,,馬德里 / 塞哥維亞 / 托雷多一帶
2026-04-23T23:45:00+08:00,2026-04-23,40.8518889,-4.1263755,timelinePath,,,馬德里 / 塞哥維亞 / 托雷多一帶
2026-04-23T23:51:00+08:00,2026-04-23,40.9154866,-4.1093261,timelinePath,,,馬德里 / 塞哥維亞 / 托雷多一帶
2026-04-23T23:56:00+08:00,2026-04-23,40.9409228,-4.1539584,timelinePath,,,馬德里 / 塞哥維亞 / 托雷多一帶
2026-04-23T23:57:00+08:00,2026-04-23,40.9440305,-4.1491442,timelinePath,,,馬德里 / 塞哥維亞 / 托雷多一帶
2026-04-24T00:01:00+08:00,2026-04-24,40.9419278,-4.1179935,timelinePath,,,馬德里 / 塞哥維亞 / 托雷多一帶
2026-04-24T00:02:00+08:00,2026-04-24,40.9373013,-4.1140379,timelinePath,,,馬德里 / 塞哥維亞 / 托雷多一帶
2026-04-24T00:03:00+08:00,2026-04-24,40.9354199,-4.1135505,timelinePath,,,馬德里 / 塞哥維亞 / 托雷多一帶
2026-04-24T00:06:00+08:00,2026-04-24,40.944016,-4.1103935,timelinePath,,,馬德里 / 塞哥維亞 / 托雷多一帶
2026-04-24T00:08:00+08:00,2026-04-24,40.9514889,-4.1114563,timelinePath,,,馬德里 / 塞哥維亞 / 托雷多一帶
2026-04-24T00:12:00+08:00,2026-04-24,40.9486024,-4.1166335,timelinePath,,,馬德里 / 塞哥維亞 / 托雷多一帶
2026-04-24T00:12:07+08:00,2026-04-24,40.9486024,-4.1166335,activity_end,IN_BUS,101784.8125,馬德里 / 塞哥維亞 / 托雷多一帶
2026-04-24T00:23:00+08:00,2026-04-24,40.9478971,-4.1194538,timelinePath,,,馬德里 / 塞哥維亞 / 托雷多一帶
2026-04-24T01:35:00+08:00,2026-04-24,40.948637,-4.1216753,timelinePath,,,馬德里 / 塞哥維亞 / 托雷多一帶
2026-04-24T01:49:00+08:00,2026-04-24,40.9477912,-4.1181692,timelinePath,,,馬德里 / 塞哥維亞 / 托雷多一帶
2026-04-24T02:07:00+08:00,2026-04-24,40.9487562,-4.1160946,timelinePath,,,馬德里 / 塞哥維亞 / 托雷多一帶
2026-04-24T02:08:54+08:00,2026-04-24,40.9481433,-4.1166157,activity_end,WALKING,1373.0869140625,馬德里 / 塞哥維亞 / 托雷多一帶
2026-04-24T02:08:54+08:00,2026-04-24,40.948734,-4.1154944,activity_start,IN_PASSENGER_VEHICLE,7914.0244140625,馬德里 / 塞哥維亞 / 托雷多一帶
2026-04-24T02:09:00+08:00,2026-04-24,40.948734,-4.1154944,timelinePath,,,馬德里 / 塞哥維亞 / 托雷多一帶
2026-04-24T02:10:00+08:00,2026-04-24,40.9513339,-4.1116298,timelinePath,,,馬德里 / 塞哥維亞 / 托雷多一帶
2026-04-24T02:12:00+08:00,2026-04-24,40.9473557,-4.1125184,timelinePath,,,馬德里 / 塞哥維亞 / 托雷多一帶
2026-04-24T02:14:00+08:00,2026-04-24,40.9420416,-4.1090983,timelinePath,,,馬德里 / 塞哥維亞 / 托雷多一帶
2026-04-24T02:16:00+08:00,2026-04-24,40.9363175,-4.1123132,timelinePath,,,馬德里 / 塞哥維亞 / 托雷多一帶
2026-04-24T02:19:00+08:00,2026-04-24,40.9446388,-4.1211533,timelinePath,,,馬德里 / 塞哥維亞 / 托雷多一帶
2026-04-24T02:19:00+08:00,2026-04-24,40.9439833,-4.1241977,timelinePath,,,馬德里 / 塞哥維亞 / 托雷多一帶
2026-04-24T02:21:00+08:00,2026-04-24,40.9433421,-4.1428037,timelinePath,,,馬德里 / 塞哥維亞 / 托雷多一帶
2026-04-24T02:27:00+08:00,2026-04-24,40.9524466,-4.1508965,timelinePath,,,馬德里 / 塞哥維亞 / 托雷多一帶
2026-04-24T02:30:56+08:00,2026-04-24,40.9547296,-4.1341717,activity_end,IN_PASSENGER_VEHICLE,7914.0244140625,馬德里 / 塞哥維亞 / 托雷多一帶
2026-04-24T02:31:00+08:00,2026-04-24,40.9547296,-4.1341717,timelinePath,,,馬德里 / 塞哥維亞 / 托雷多一帶
2026-04-24T02:41:00+08:00,2026-04-24,40.9555906,-4.1347986,timelinePath,,,馬德里 / 塞哥維亞 / 托雷多一帶
2026-04-24T02:41:18+08:00,2026-04-24,40.9532673,-4.1345802,activity_start,IN_PASSENGER_VEHICLE,99115.296875,馬德里 / 塞哥維亞 / 托雷多一帶
2026-04-24T02:42:00+08:00,2026-04-24,40.9532673,-4.1345802,timelinePath,,,馬德里 / 塞哥維亞 / 托雷多一帶
2026-04-24T02:43:00+08:00,2026-04-24,40.9507922,-4.1329362,timelinePath,,,馬德里 / 塞哥維亞 / 托雷多一帶
2026-04-24T02:46:00+08:00,2026-04-24,40.9438738,-4.1198658,timelinePath,,,馬德里 / 塞哥維亞 / 托雷多一帶
2026-04-24T02:51:00+08:00,2026-04-24,40.9282668,-4.1098009,timelinePath,,,馬德里 / 塞哥維亞 / 托雷多一帶
2026-04-24T02:53:00+08:00,2026-04-24,40.9162619,-4.1053995,timelinePath,,,馬德里 / 塞哥維亞 / 托雷多一帶
2026-04-24T03:04:00+08:00,2026-04-24,40.8075168,-4.2044566,timelinePath,,,馬德里 / 塞哥維亞 / 托雷多一帶
2026-04-24T03:09:00+08:00,2026-04-24,40.7342203,-4.1896187,timelinePath,,,馬德里 / 塞哥維亞 / 托雷多一帶
2026-04-24T03:10:00+08:00,2026-04-24,40.73185,-4.1974844,timelinePath,,,馬德里 / 塞哥維亞 / 托雷多一帶
2026-04-24T03:21:00+08:00,2026-04-24,40.6338559,-4.0301141,timelinePath,,,馬德里 / 塞哥維亞 / 托雷多一帶
2026-04-24T03:26:00+08:00,2026-04-24,40.6179599,-4.0042686,timelinePath,,,馬德里 / 塞哥維亞 / 托雷多一帶
2026-04-24T03:33:00+08:00,2026-04-24,40.5343413,-3.8896541,timelinePath,,,馬德里 / 塞哥維亞 / 托雷多一帶
2026-04-24T03:35:00+08:00,2026-04-24,40.5119531,-3.880846,timelinePath,,,馬德里 / 塞哥維亞 / 托雷多一帶
2026-04-24T03:40:00+08:00,2026-04-24,40.468949,-3.8167191,timelinePath,,,馬德里 / 塞哥維亞 / 托雷多一帶
2026-04-24T03:45:00+08:00,2026-04-24,40.4829225,-3.7443024,timelinePath,,,馬德里 / 塞哥維亞 / 托雷多一帶
2026-04-24T03:50:00+08:00,2026-04-24,40.5092398,-3.6662849,timelinePath,,,馬德里 / 塞哥維亞 / 托雷多一帶
2026-04-24T03:55:00+08:00,2026-04-24,40.4564985,-3.6146354,timelinePath,,,馬德里 / 塞哥維亞 / 托雷多一帶
2026-04-24T04:00:00+08:00,2026-04-24,40.4494296,-3.5668767,timelinePath,,,馬德里 / 塞哥維亞 / 托雷多一帶
2026-04-24T04:01:00+08:00,2026-04-24,40.449473,-3.5591455,activity_end,IN_PASSENGER_VEHICLE,99115.296875,馬德里 / 塞哥維亞 / 托雷多一帶
2026-04-24T04:05:00+08:00,2026-04-24,40.4490063,-3.5586572,timelinePath,,,馬德里 / 塞哥維亞 / 托雷多一帶
2026-04-24T04:09:00+08:00,2026-04-24,40.4490357,-3.5585211,timelinePath,,,馬德里 / 塞哥維亞 / 托雷多一帶
2026-04-24T04:11:00+08:00,2026-04-24,40.4490099,-3.5586953,timelinePath,,,馬德里 / 塞哥維亞 / 托雷多一帶
2026-04-24T04:15:00+08:00,2026-04-24,40.4490339,-3.5586281,timelinePath,,,馬德里 / 塞哥維亞 / 托雷多一帶
2026-04-24T04:17:00+08:00,2026-04-24,40.4490016,-3.5586622,timelinePath,,,馬德里 / 塞哥維亞 / 托雷多一帶
2026-04-24T04:21:00+08:00,2026-04-24,40.4488141,-3.5588017,timelinePath,,,馬德里 / 塞哥維亞 / 托雷多一帶
2026-04-24T04:27:00+08:00,2026-04-24,40.4482767,-3.5584593,timelinePath,,,馬德里 / 塞哥維亞 / 托雷多一帶
2026-04-24T14:44:00+08:00,2026-04-24,40.4473042,-3.5578649,timelinePath,,,馬德里 / 塞哥維亞 / 托雷多一帶
2026-04-24T14:44:15+08:00,2026-04-24,40.4473042,-3.5578649,activity_start,IN_BUS,23973.6875,馬德里 / 塞哥維亞 / 托雷多一帶
2026-04-24T14:45:00+08:00,2026-04-24,40.4490714,-3.5564113,timelinePath,,,馬德里 / 塞哥維亞 / 托雷多一帶
2026-04-24T14:47:00+08:00,2026-04-24,40.4461103,-3.5336175,timelinePath,,,馬德里 / 塞哥維亞 / 托雷多一帶
2026-04-24T14:48:00+08:00,2026-04-24,40.4445517,-3.5354221,timelinePath,,,馬德里 / 塞哥維亞 / 托雷多一帶
2026-04-24T14:50:00+08:00,2026-04-24,40.4399846,-3.5644577,timelinePath,,,馬德里 / 塞哥維亞 / 托雷多一帶
2026-04-24T14:55:00+08:00,2026-04-24,40.4459043,-3.5883879,timelinePath,,,馬德里 / 塞哥維亞 / 托雷多一帶
2026-04-24T14:56:00+08:00,2026-04-24,40.4491297,-3.5921379,timelinePath,,,馬德里 / 塞哥維亞 / 托雷多一帶
2026-04-24T15:01:00+08:00,2026-04-24,40.4497827,-3.6146225,timelinePath,,,馬德里 / 塞哥維亞 / 托雷多一帶
2026-04-24T15:02:00+08:00,2026-04-24,40.4497597,-3.6194684,timelinePath,,,馬德里 / 塞哥維亞 / 托雷多一帶
2026-04-24T15:07:00+08:00,2026-04-24,40.4283943,-3.6602642,timelinePath,,,馬德里 / 塞哥維亞 / 托雷多一帶
2026-04-24T15:10:00+08:00,2026-04-24,40.4023447,-3.6665051,timelinePath,,,馬德里 / 塞哥維亞 / 托雷多一帶
2026-04-24T15:15:00+08:00,2026-04-24,40.396448,-3.7046444,timelinePath,,,馬德里 / 塞哥維亞 / 托雷多一帶
2026-04-24T15:21:00+08:00,2026-04-24,40.4199832,-3.7202281,timelinePath,,,馬德里 / 塞哥維亞 / 托雷多一帶
2026-04-24T15:23:00+08:00,2026-04-24,40.4202698,-3.7155033,timelinePath,,,馬德里 / 塞哥維亞 / 托雷多一帶
2026-04-24T15:24:37+08:00,2026-04-24,40.4182919,-3.7129388,activity_end,IN_BUS,23973.6875,馬德里 / 塞哥維亞 / 托雷多一帶
2026-04-24T15:24:37+08:00,2026-04-24,40.4219489,-3.7133494,activity_start,WALKING,1693.43359375,馬德里 / 塞哥維亞 / 托雷多一帶
2026-04-24T15:25:00+08:00,2026-04-24,40.4182919,-3.7129388,timelinePath,,,馬德里 / 塞哥維亞 / 托雷多一帶
2026-04-24T15:37:00+08:00,2026-04-24,40.4219489,-3.7133494,timelinePath,,,馬德里 / 塞哥維亞 / 托雷多一帶
2026-04-24T15:47:00+08:00,2026-04-24,40.4238387,-3.7123949,timelinePath,,,馬德里 / 塞哥維亞 / 托雷多一帶
2026-04-24T16:04:00+08:00,2026-04-24,40.4202582,-3.7130728,timelinePath,,,馬德里 / 塞哥維亞 / 托雷多一帶
2026-04-24T16:10:00+08:00,2026-04-24,40.4183694,-3.7131308,timelinePath,,,馬德里 / 塞哥維亞 / 托雷多一帶
2026-04-24T16:16:00+08:00,2026-04-24,40.4170406,-3.7116352,timelinePath,,,馬德里 / 塞哥維亞 / 托雷多一帶
2026-04-24T16:16:24+08:00,2026-04-24,40.4170406,-3.7116352,activity_end,WALKING,1693.43359375,馬德里 / 塞哥維亞 / 托雷多一帶
2026-04-24T16:41:45+08:00,2026-04-24,40.4168435,-3.7048006,activity_start,WALKING,635.3011474609375,馬德里 / 塞哥維亞 / 托雷多一帶
2026-04-24T16:42:00+08:00,2026-04-24,40.4177272,-3.7106078,timelinePath,,,馬德里 / 塞哥維亞 / 托雷多一帶
2026-04-24T16:48:00+08:00,2026-04-24,40.4173341,-3.706759,timelinePath,,,馬德里 / 塞哥維亞 / 托雷多一帶
2026-04-24T16:53:00+08:00,2026-04-24,40.4168833,-3.7043825,timelinePath,,,馬德里 / 塞哥維亞 / 托雷多一帶
2026-04-24T17:13:00+08:00,2026-04-24,40.4166693,-3.7015296,timelinePath,,,馬德里 / 塞哥維亞 / 托雷多一帶
2026-04-24T17:19:45+08:00,2026-04-24,40.4173509,-3.7000442,activity_end,WALKING,635.3011474609375,馬德里 / 塞哥維亞 / 托雷多一帶
2026-04-24T17:20:00+08:00,2026-04-24,40.4173509,-3.7000442,timelinePath,,,馬德里 / 塞哥維亞 / 托雷多一帶
2026-04-24T17:25:00+08:00,2026-04-24,40.4152208,-3.6938661,timelinePath,,,馬德里 / 塞哥維亞 / 托雷多一帶
2026-04-24T17:28:00+08:00,2026-04-24,40.4150462,-3.6924163,timelinePath,,,馬德里 / 塞哥維亞 / 托雷多一帶
2026-04-24T17:28:05+08:00,2026-04-24,40.4150462,-3.6924163,activity_end,IN_BUS,702.3167724609375,馬德里 / 塞哥維亞 / 托雷多一帶
2026-04-24T18:31:00+08:00,2026-04-24,40.4129684,-3.6922971,timelinePath,,,馬德里 / 塞哥維亞 / 托雷多一帶
2026-04-24T18:59:00+08:00,2026-04-24,40.4150918,-3.6926254,timelinePath,,,馬德里 / 塞哥維亞 / 托雷多一帶
2026-04-24T18:59:04+08:00,2026-04-24,40.4150918,-3.6926254,activity_start,WALKING,46.842506408691406,馬德里 / 塞哥維亞 / 托雷多一帶
2026-04-24T19:01:51+08:00,2026-04-24,40.4151542,-3.6931049,activity_end,WALKING,46.842506408691406,馬德里 / 塞哥維亞 / 托雷多一帶
2026-04-24T19:02:00+08:00,2026-04-24,40.4151542,-3.6931049,timelinePath,,,馬德里 / 塞哥維亞 / 托雷多一帶
2026-04-24T19:04:00+08:00,2026-04-24,40.4166464,-3.6903961,timelinePath,,,馬德里 / 塞哥維亞 / 托雷多一帶
2026-04-24T19:06:00+08:00,2026-04-24,40.418122,-3.6932514,timelinePath,,,馬德里 / 塞哥維亞 / 托雷多一帶
2026-04-24T19:11:00+08:00,2026-04-24,40.417864,-3.6995455,timelinePath,,,馬德里 / 塞哥維亞 / 托雷多一帶
2026-04-24T19:13:35+08:00,2026-04-24,40.4170462,-3.700268,activity_end,IN_BUS,1497.5211181640625,馬德里 / 塞哥維亞 / 托雷多一帶
2026-04-24T19:14:00+08:00,2026-04-24,40.4170462,-3.700268,timelinePath,,,馬德里 / 塞哥維亞 / 托雷多一帶
2026-04-24T20:50:00+08:00,2026-04-24,40.4167099,-3.7006366,timelinePath,,,馬德里 / 塞哥維亞 / 托雷多一帶
2026-04-24T20:50:26+08:00,2026-04-24,40.4167099,-3.7006366,activity_start,WALKING,189.1862030029297,馬德里 / 塞哥維亞 / 托雷多一帶
2026-04-24T21:00:56+08:00,2026-04-24,40.416609,-3.6999948,activity_end,WALKING,189.1862030029297,馬德里 / 塞哥維亞 / 托雷多一帶
2026-04-24T21:01:00+08:00,2026-04-24,40.416609,-3.6999948,timelinePath,,,馬德里 / 塞哥維亞 / 托雷多一帶
2026-04-24T21:06:00+08:00,2026-04-24,40.4158093,-3.6962294,timelinePath,,,馬德里 / 塞哥維亞 / 托雷多一帶
2026-04-24T21:13:00+08:00,2026-04-24,40.4107378,-3.6924885,timelinePath,,,馬德里 / 塞哥維亞 / 托雷多一帶
2026-04-24T21:18:00+08:00,2026-04-24,40.3969547,-3.702615,timelinePath,,,馬德里 / 塞哥維亞 / 托雷多一帶
2026-04-24T21:20:00+08:00,2026-04-24,40.3950141,-3.7064911,timelinePath,,,馬德里 / 塞哥維亞 / 托雷多一帶
2026-04-24T21:25:00+08:00,2026-04-24,40.3909989,-3.7093012,timelinePath,,,馬德里 / 塞哥維亞 / 托雷多一帶
2026-04-24T21:31:00+08:00,2026-04-24,40.376251,-3.7192349,timelinePath,,,馬德里 / 塞哥維亞 / 托雷多一帶
2026-04-24T21:32:00+08:00,2026-04-24,40.378329,-3.7192111,timelinePath,,,馬德里 / 塞哥維亞 / 托雷多一帶
2026-04-24T21:37:00+08:00,2026-04-24,40.3212506,-3.730685,timelinePath,,,馬德里 / 塞哥維亞 / 托雷多一帶
2026-04-24T21:39:00+08:00,2026-04-24,40.3112345,-3.740175,timelinePath,,,馬德里 / 塞哥維亞 / 托雷多一帶
2026-04-24T21:46:00+08:00,2026-04-24,40.2669121,-3.7568429,timelinePath,,,馬德里 / 塞哥維亞 / 托雷多一帶
2026-04-24T21:54:00+08:00,2026-04-24,40.2133626,-3.7890739,timelinePath,,,馬德里 / 塞哥維亞 / 托雷多一帶
2026-04-24T22:05:00+08:00,2026-04-24,40.0767253,-3.8620733,timelinePath,,,馬德里 / 塞哥維亞 / 托雷多一帶
2026-04-24T22:10:00+08:00,2026-04-24,40.0256668,-3.9330252,timelinePath,,,馬德里 / 塞哥維亞 / 托雷多一帶
2026-04-24T22:11:00+08:00,2026-04-24,40.0135659,-3.9558308,timelinePath,,,馬德里 / 塞哥維亞 / 托雷多一帶
2026-04-24T22:18:00+08:00,2026-04-24,39.9166321,-4.0067504,timelinePath,,,馬德里 / 塞哥維亞 / 托雷多一帶
2026-04-24T22:22:00+08:00,2026-04-24,39.873882,-4.0188527,timelinePath,,,馬德里 / 塞哥維亞 / 托雷多一帶
2026-04-24T22:23:00+08:00,2026-04-24,39.8704737,-4.0166979,timelinePath,,,馬德里 / 塞哥維亞 / 托雷多一帶
2026-04-24T22:29:00+08:00,2026-04-24,39.8530432,-4.0212224,timelinePath,,,馬德里 / 塞哥維亞 / 托雷多一帶
2026-04-24T22:30:00+08:00,2026-04-24,39.8502159,-4.0210781,timelinePath,,,馬德里 / 塞哥維亞 / 托雷多一帶
2026-04-24T22:30:00+08:00,2026-04-24,39.8502527,-4.0243783,timelinePath,,,馬德里 / 塞哥維亞 / 托雷多一帶
2026-04-24T22:32:00+08:00,2026-04-24,39.8540553,-4.0257475,timelinePath,,,馬德里 / 塞哥維亞 / 托雷多一帶
2026-04-24T22:33:00+08:00,2026-04-24,39.850356,-4.024874,timelinePath,,,馬德里 / 塞哥維亞 / 托雷多一帶
2026-04-24T22:38:00+08:00,2026-04-24,39.853469,-4.0241601,timelinePath,,,馬德里 / 塞哥維亞 / 托雷多一帶
2026-04-24T22:40:00+08:00,2026-04-24,39.8544782,-4.021183,timelinePath,,,馬德里 / 塞哥維亞 / 托雷多一帶
2026-04-24T22:45:00+08:00,2026-04-24,39.8503833,-4.0248937,timelinePath,,,馬德里 / 塞哥維亞 / 托雷多一帶
2026-04-24T22:47:00+08:00,2026-04-24,39.8529522,-4.0235185,timelinePath,,,馬德里 / 塞哥維亞 / 托雷多一帶
2026-04-24T22:48:00+08:00,2026-04-24,39.8536238,-4.0262053,timelinePath,,,馬德里 / 塞哥維亞 / 托雷多一帶
2026-04-24T22:49:00+08:00,2026-04-24,39.8503914,-4.0249512,timelinePath,,,馬德里 / 塞哥維亞 / 托雷多一帶
2026-04-24T22:55:00+08:00,2026-04-24,39.8531499,-4.0259764,timelinePath,,,馬德里 / 塞哥維亞 / 托雷多一帶
2026-04-24T22:58:00+08:00,2026-04-24,39.8525315,-4.0349714,timelinePath,,,馬德里 / 塞哥維亞 / 托雷多一帶
2026-04-24T22:58:59+08:00,2026-04-24,39.8502527,-4.0243783,activity_end,IN_BUS,71575.921875,馬德里 / 塞哥維亞 / 托雷多一帶
2026-04-24T22:58:59+08:00,2026-04-24,39.8567771,-4.0270916,activity_start,WALKING,1871.0447998046875,馬德里 / 塞哥維亞 / 托雷多一帶
2026-04-24T22:59:00+08:00,2026-04-24,39.855112,-4.0339935,timelinePath,,,馬德里 / 塞哥維亞 / 托雷多一帶
2026-04-24T23:06:00+08:00,2026-04-24,39.8574334,-4.0339378,timelinePath,,,馬德里 / 塞哥維亞 / 托雷多一帶
2026-04-24T23:19:00+08:00,2026-04-24,39.8574583,-4.0310473,timelinePath,,,馬德里 / 塞哥維亞 / 托雷多一帶
2026-04-24T23:24:00+08:00,2026-04-24,39.8571279,-4.0286814,timelinePath,,,馬德里 / 塞哥維亞 / 托雷多一帶
2026-04-24T23:29:00+08:00,2026-04-24,39.8565453,-4.0262632,timelinePath,,,馬德里 / 塞哥維亞 / 托雷多一帶
2026-04-25T00:00:00+08:00,2026-04-25,39.8567664,-4.0239284,timelinePath,,,馬德里 / 塞哥維亞 / 托雷多一帶
2026-04-25T00:11:00+08:00,2026-04-25,39.85707,-4.0207447,timelinePath,,,馬德里 / 塞哥維亞 / 托雷多一帶
2026-04-25T00:18:00+08:00,2026-04-25,39.8592842,-4.0214497,timelinePath,,,馬德里 / 塞哥維亞 / 托雷多一帶
2026-04-25T00:34:00+08:00,2026-04-25,39.8592052,-4.0241641,timelinePath,,,馬德里 / 塞哥維亞 / 托雷多一帶
2026-04-25T00:38:00+08:00,2026-04-25,39.8591855,-4.0265561,timelinePath,,,馬德里 / 塞哥維亞 / 托雷多一帶
2026-04-25T00:56:00+08:00,2026-04-25,39.8592545,-4.0222944,timelinePath,,,馬德里 / 塞哥維亞 / 托雷多一帶
2026-04-25T01:12:00+08:00,2026-04-25,39.8611839,-4.0212743,timelinePath,,,馬德里 / 塞哥維亞 / 托雷多一帶
2026-04-25T01:21:00+08:00,2026-04-25,39.8612421,-4.0189793,timelinePath,,,馬德里 / 塞哥維亞 / 托雷多一帶
2026-04-25T01:21:11+08:00,2026-04-25,39.8590654,-4.0261476,activity_end,WALKING,1871.0447998046875,馬德里 / 塞哥維亞 / 托雷多一帶
2026-04-25T01:21:11+08:00,2026-04-25,39.8612421,-4.0189793,activity_start,IN_PASSENGER_VEHICLE,2590.728515625,馬德里 / 塞哥維亞 / 托雷多一帶
2026-04-25T01:23:00+08:00,2026-04-25,39.8535147,-4.0167548,timelinePath,,,馬德里 / 塞哥維亞 / 托雷多一帶
2026-04-25T01:24:00+08:00,2026-04-25,39.8512905,-4.017387,timelinePath,,,馬德里 / 塞哥維亞 / 托雷多一帶
2026-04-25T01:25:00+08:00,2026-04-25,39.8501695,-4.0211779,timelinePath,,,馬德里 / 塞哥維亞 / 托雷多一帶
2026-04-25T01:26:00+08:00,2026-04-25,39.8503569,-4.0297835,timelinePath,,,馬德里 / 塞哥維亞 / 托雷多一帶
2026-04-25T01:27:00+08:00,2026-04-25,39.8491753,-4.0337669,timelinePath,,,馬德里 / 塞哥維亞 / 托雷多一帶
2026-04-25T01:29:00+08:00,2026-04-25,39.8499917,-4.0352946,timelinePath,,,馬德里 / 塞哥維亞 / 托雷多一帶
2026-04-25T01:29:23+08:00,2026-04-25,39.8491753,-4.0337669,activity_end,IN_PASSENGER_VEHICLE,2590.728515625,馬德里 / 塞哥維亞 / 托雷多一帶
2026-04-25T03:36:30+08:00,2026-04-25,39.8491742,-4.0343675,activity_start,WALKING,4864.69775390625,馬德里 / 塞哥維亞 / 托雷多一帶
2026-04-25T03:37:00+08:00,2026-04-25,39.8491742,-4.0343675,timelinePath,,,馬德里 / 塞哥維亞 / 托雷多一帶
2026-04-25T03:46:00+08:00,2026-04-25,39.8501288,-4.0282035,timelinePath,,,馬德里 / 塞哥維亞 / 托雷多一帶
2026-04-25T03:51:00+08:00,2026-04-25,39.8537322,-4.0256366,timelinePath,,,馬德里 / 塞哥維亞 / 托雷多一帶
2026-04-25T03:52:00+08:00,2026-04-25,39.8496572,-4.0265824,timelinePath,,,馬德里 / 塞哥維亞 / 托雷多一帶
2026-04-25T03:57:00+08:00,2026-04-25,39.8527125,-4.0252844,timelinePath,,,馬德里 / 塞哥維亞 / 托雷多一帶
2026-04-25T03:58:00+08:00,2026-04-25,39.8504191,-4.0249301,timelinePath,,,馬德里 / 塞哥維亞 / 托雷多一帶
2026-04-25T04:03:00+08:00,2026-04-25,39.8529522,-4.0235185,timelinePath,,,馬德里 / 塞哥維亞 / 托雷多一帶
2026-04-25T04:04:00+08:00,2026-04-25,39.8536641,-4.0281524,timelinePath,,,馬德里 / 塞哥維亞 / 托雷多一帶
2026-04-25T04:06:00+08:00,2026-04-25,39.8503871,-4.0249374,timelinePath,,,馬德里 / 塞哥維亞 / 托雷多一帶
2026-04-25T04:10:00+08:00,2026-04-25,39.853342,-4.0234419,timelinePath,,,馬德里 / 塞哥維亞 / 托雷多一帶
2026-04-25T04:11:00+08:00,2026-04-25,39.8534103,-4.0259738,timelinePath,,,馬德里 / 塞哥維亞 / 托雷多一帶
2026-04-25T04:12:00+08:00,2026-04-25,39.8503847,-4.0249352,timelinePath,,,馬德里 / 塞哥維亞 / 托雷多一帶
2026-04-25T04:13:00+08:00,2026-04-25,39.8539345,-4.0258018,timelinePath,,,馬德里 / 塞哥維亞 / 托雷多一帶
2026-04-25T04:16:00+08:00,2026-04-25,39.8532547,-4.0280424,timelinePath,,,馬德里 / 塞哥維亞 / 托雷多一帶
2026-04-25T04:18:00+08:00,2026-04-25,39.8500173,-4.0255417,timelinePath,,,馬德里 / 塞哥維亞 / 托雷多一帶
2026-04-25T04:23:00+08:00,2026-04-25,39.8535053,-4.0279009,timelinePath,,,馬德里 / 塞哥維亞 / 托雷多一帶
2026-04-25T04:25:00+08:00,2026-04-25,39.8505376,-4.0295822,timelinePath,,,馬德里 / 塞哥維亞 / 托雷多一帶
2026-04-25T04:28:00+08:00,2026-04-25,39.8494657,-4.0318475,timelinePath,,,馬德里 / 塞哥維亞 / 托雷多一帶
2026-04-25T04:32:34+08:00,2026-04-25,39.849214,-4.0345609,activity_end,WALKING,4864.69775390625,馬德里 / 塞哥維亞 / 托雷多一帶
2026-04-25T04:33:00+08:00,2026-04-25,39.8494107,-4.0350985,timelinePath,,,馬德里 / 塞哥維亞 / 托雷多一帶
2026-04-25T04:34:00+08:00,2026-04-25,39.8499222,-4.0354583,timelinePath,,,馬德里 / 塞哥維亞 / 托雷多一帶
2026-04-25T04:35:00+08:00,2026-04-25,39.8498983,-4.0354418,timelinePath,,,馬德里 / 塞哥維亞 / 托雷多一帶
2026-04-25T04:38:00+08:00,2026-04-25,39.8500563,-4.0350685,timelinePath,,,馬德里 / 塞哥維亞 / 托雷多一帶
2026-04-25T04:42:00+08:00,2026-04-25,39.8500494,-4.0350774,timelinePath,,,馬德里 / 塞哥維亞 / 托雷多一帶
2026-04-25T04:43:00+08:00,2026-04-25,39.8500511,-4.0350653,timelinePath,,,馬德里 / 塞哥維亞 / 托雷多一帶
2026-04-25T04:44:00+08:00,2026-04-25,39.8500431,-4.0350634,timelinePath,,,馬德里 / 塞哥維亞 / 托雷多一帶
2026-04-25T04:46:00+08:00,2026-04-25,39.8500475,-4.0350556,timelinePath,,,馬德里 / 塞哥維亞 / 托雷多一帶
2026-04-25T14:59:00+08:00,2026-04-25,39.8499438,-4.0354291,timelinePath,,,馬德里 / 塞哥維亞 / 托雷多一帶
2026-04-25T14:59:08+08:00,2026-04-25,39.8499438,-4.0354291,activity_start,IN_PASSENGER_VEHICLE,65621.5625,馬德里 / 塞哥維亞 / 托雷多一帶
2026-04-25T15:03:00+08:00,2026-04-25,39.8529326,-4.0349337,timelinePath,,,馬德里 / 塞哥維亞 / 托雷多一帶
2026-04-25T15:07:00+08:00,2026-04-25,39.8352992,-4.0611165,timelinePath,,,馬德里 / 塞哥維亞 / 托雷多一帶
2026-04-25T15:10:00+08:00,2026-04-25,39.8203726,-4.0470264,timelinePath,,,馬德里 / 塞哥維亞 / 托雷多一帶
2026-04-25T15:15:00+08:00,2026-04-25,39.8159115,-3.9798611,timelinePath,,,馬德里 / 塞哥維亞 / 托雷多一帶
2026-04-25T15:23:00+08:00,2026-04-25,39.7524406,-3.8658514,timelinePath,,,馬德里 / 塞哥維亞 / 托雷多一帶
2026-04-25T15:28:00+08:00,2026-04-25,39.6786253,-3.8238622,timelinePath,,,馬德里 / 塞哥維亞 / 托雷多一帶
2026-04-25T15:39:00+08:00,2026-04-25,39.5616922,-3.682992,timelinePath,,,馬德里 / 塞哥維亞 / 托雷多一帶
2026-04-25T15:46:00+08:00,2026-04-25,39.4661035,-3.6168728,timelinePath,,,跨區移動 / 飛行段
2026-04-25T15:47:00+08:00,2026-04-25,39.4681766,-3.6060972,timelinePath,,,跨區移動 / 飛行段
2026-04-25T15:51:00+08:00,2026-04-25,39.458175,-3.6015093,timelinePath,,,跨區移動 / 飛行段
2026-04-25T15:53:00+08:00,2026-04-25,39.4583577,-3.6066965,timelinePath,,,跨區移動 / 飛行段
2026-04-25T15:56:00+08:00,2026-04-25,39.4550527,-3.6078528,timelinePath,,,跨區移動 / 飛行段
2026-04-25T16:01:00+08:00,2026-04-25,39.4490515,-3.6068385,timelinePath,,,跨區移動 / 飛行段
2026-04-25T16:01:16+08:00,2026-04-25,39.4490515,-3.6068385,activity_end,IN_PASSENGER_VEHICLE,65621.5625,跨區移動 / 飛行段
2026-04-25T16:21:00+08:00,2026-04-25,39.4542412,-3.6016299,timelinePath,,,跨區移動 / 飛行段
2026-04-25T16:23:00+08:00,2026-04-25,39.4503284,-3.600449,timelinePath,,,跨區移動 / 飛行段
2026-04-25T16:26:00+08:00,2026-04-25,39.4496634,-3.6073113,timelinePath,,,跨區移動 / 飛行段
2026-04-25T16:30:00+08:00,2026-04-25,39.45252,-3.6049884,timelinePath,,,跨區移動 / 飛行段
2026-04-25T16:32:00+08:00,2026-04-25,39.4491444,-3.6068266,timelinePath,,,跨區移動 / 飛行段
2026-04-25T16:38:00+08:00,2026-04-25,39.449349,-3.6069685,timelinePath,,,跨區移動 / 飛行段
2026-04-25T16:38:21+08:00,2026-04-25,39.4509598,-3.6073866,activity_start,IN_PASSENGER_VEHICLE,22715.337890625,跨區移動 / 飛行段
2026-04-25T16:40:00+08:00,2026-04-25,39.4538112,-3.6080049,timelinePath,,,跨區移動 / 飛行段
2026-04-25T16:40:00+08:00,2026-04-25,39.456511,-3.6072626,timelinePath,,,跨區移動 / 飛行段
2026-04-25T16:43:00+08:00,2026-04-25,39.454214,-3.6109544,timelinePath,,,跨區移動 / 飛行段
2026-04-25T16:44:00+08:00,2026-04-25,39.4567304,-3.6117993,timelinePath,,,跨區移動 / 飛行段
2026-04-25T16:45:00+08:00,2026-04-25,39.4581863,-3.6090526,timelinePath,,,跨區移動 / 飛行段
2026-04-25T16:50:00+08:00,2026-04-25,39.4619308,-3.5719532,timelinePath,,,跨區移動 / 飛行段
2026-04-25T16:51:00+08:00,2026-04-25,39.4609252,-3.5656587,timelinePath,,,跨區移動 / 飛行段
2026-04-25T16:58:00+08:00,2026-04-25,39.3885424,-3.4994318,timelinePath,,,跨區移動 / 飛行段
2026-04-25T17:04:00+08:00,2026-04-25,39.3234755,-3.4803541,timelinePath,,,跨區移動 / 飛行段
2026-04-25T17:04:01+08:00,2026-04-25,39.3234755,-3.4803541,activity_end,IN_PASSENGER_VEHICLE,22715.337890625,跨區移動 / 飛行段
2026-04-25T17:30:41+08:00,2026-04-25,39.3224996,-3.4802893,activity_start,IN_PASSENGER_VEHICLE,61367.26953125,跨區移動 / 飛行段
2026-04-25T17:31:00+08:00,2026-04-25,39.3224996,-3.4802893,timelinePath,,,跨區移動 / 飛行段
2026-04-25T17:37:00+08:00,2026-04-25,39.3212509,-3.4782073,timelinePath,,,跨區移動 / 飛行段
2026-04-25T17:55:00+08:00,2026-04-25,39.1303879,-3.5171944,timelinePath,,,跨區移動 / 飛行段
2026-04-25T18:01:00+08:00,2026-04-25,39.0931933,-3.5709884,timelinePath,,,跨區移動 / 飛行段
2026-04-25T18:06:00+08:00,2026-04-25,39.0689047,-3.6935457,timelinePath,,,跨區移動 / 飛行段
2026-04-25T18:11:00+08:00,2026-04-25,39.0159089,-3.7495851,timelinePath,,,跨區移動 / 飛行段
2026-04-25T18:22:00+08:00,2026-04-25,38.9907834,-3.9042841,timelinePath,,,跨區移動 / 飛行段
2026-04-25T18:26:00+08:00,2026-04-25,38.9846386,-3.9137516,timelinePath,,,跨區移動 / 飛行段
2026-04-25T18:26:05+08:00,2026-04-25,38.9846386,-3.9137516,activity_end,IN_PASSENGER_VEHICLE,61367.26953125,跨區移動 / 飛行段
2026-04-25T19:16:00+08:00,2026-04-25,38.9850354,-3.9127851,timelinePath,,,跨區移動 / 飛行段
2026-04-25T19:16:18+08:00,2026-04-25,38.9850354,-3.9127851,activity_start,IN_TRAIN,176582.453125,跨區移動 / 飛行段
2026-04-25T19:35:00+08:00,2026-04-25,38.6914118,-4.1118833,timelinePath,,,跨區移動 / 飛行段
2026-04-25T19:41:00+08:00,2026-04-25,38.6875331,-4.1106047,timelinePath,,,跨區移動 / 飛行段
2026-04-25T19:48:00+08:00,2026-04-25,38.6771155,-4.2828607,timelinePath,,,跨區移動 / 飛行段
2026-04-25T20:02:00+08:00,2026-04-25,38.3395214,-4.5268348,timelinePath,,,哥多華 / 安達盧西亞內陸
2026-04-25T20:19:00+08:00,2026-04-25,37.9783712,-4.6555293,timelinePath,,,哥多華 / 安達盧西亞內陸
2026-04-25T20:25:00+08:00,2026-04-25,37.9028072,-4.7602601,timelinePath,,,哥多華 / 安達盧西亞內陸
2026-04-25T20:26:00+08:00,2026-04-25,37.8884168,-4.788952,timelinePath,,,哥多華 / 安達盧西亞內陸
2026-04-25T20:26:24+08:00,2026-04-25,37.8884168,-4.788952,activity_end,IN_TRAIN,176582.453125,哥多華 / 安達盧西亞內陸
2026-04-25T20:28:00+08:00,2026-04-25,37.888375,-4.7900349,timelinePath,,,哥多華 / 安達盧西亞內陸
2026-04-25T20:37:00+08:00,2026-04-25,37.8884988,-4.7877362,timelinePath,,,哥多華 / 安達盧西亞內陸
2026-04-25T20:37:06+08:00,2026-04-25,37.8884988,-4.7877362,activity_start,IN_BUS,2973.775390625,哥多華 / 安達盧西亞內陸
2026-04-25T20:39:00+08:00,2026-04-25,37.8871369,-4.7860132,timelinePath,,,哥多華 / 安達盧西亞內陸
2026-04-25T20:44:00+08:00,2026-04-25,37.8736121,-4.7854839,timelinePath,,,哥多華 / 安達盧西亞內陸
2026-04-25T20:46:00+08:00,2026-04-25,37.87081,-4.7805219,timelinePath,,,哥多華 / 安達盧西亞內陸
2026-04-25T20:47:55+08:00,2026-04-25,37.8748194,-4.7756733,activity_end,IN_BUS,2973.775390625,哥多華 / 安達盧西亞內陸
2026-04-25T20:47:55+08:00,2026-04-25,37.8742393,-4.7762399,activity_start,WALKING,630.12158203125,哥多華 / 安達盧西亞內陸
2026-04-25T20:48:00+08:00,2026-04-25,37.8748194,-4.7756733,timelinePath,,,哥多華 / 安達盧西亞內陸
2026-04-25T20:58:00+08:00,2026-04-25,37.878316,-4.7799088,timelinePath,,,哥多華 / 安達盧西亞內陸
2026-04-25T20:58:13+08:00,2026-04-25,37.878316,-4.7799088,activity_end,WALKING,630.12158203125,哥多華 / 安達盧西亞內陸
2026-04-25T22:52:00+08:00,2026-04-25,37.8802012,-4.7797057,timelinePath,,,哥多華 / 安達盧西亞內陸
2026-04-25T23:33:00+08:00,2026-04-25,37.8774978,-4.7797076,timelinePath,,,哥多華 / 安達盧西亞內陸
2026-04-25T23:43:00+08:00,2026-04-25,37.8791668,-4.78057,timelinePath,,,哥多華 / 安達盧西亞內陸
2026-04-25T23:59:00+08:00,2026-04-25,37.881057,-4.7787356,timelinePath,,,哥多華 / 安達盧西亞內陸
2026-04-26T00:03:00+08:00,2026-04-26,37.8826063,-4.7771863,timelinePath,,,哥多華 / 安達盧西亞內陸
2026-04-26T00:06:00+08:00,2026-04-26,37.8845595,-4.7769088,timelinePath,,,哥多華 / 安達盧西亞內陸
2026-04-26T00:15:00+08:00,2026-04-26,37.8854074,-4.7792409,timelinePath,,,哥多華 / 安達盧西亞內陸
2026-04-26T00:34:00+08:00,2026-04-26,37.882568,-4.7798315,timelinePath,,,哥多華 / 安達盧西亞內陸
2026-04-26T00:40:00+08:00,2026-04-26,37.880806,-4.7803986,timelinePath,,,哥多華 / 安達盧西亞內陸
2026-04-26T00:50:00+08:00,2026-04-26,37.8780185,-4.7794046,timelinePath,,,哥多華 / 安達盧西亞內陸
2026-04-26T01:01:00+08:00,2026-04-26,37.8757644,-4.7761751,timelinePath,,,哥多華 / 安達盧西亞內陸
2026-04-26T01:10:55+08:00,2026-04-26,37.8747108,-4.7769694,activity_end,WALKING,5084.3125,哥多華 / 安達盧西亞內陸
2026-04-26T01:11:00+08:00,2026-04-26,37.8747108,-4.7769694,timelinePath,,,哥多華 / 安達盧西亞內陸
2026-04-26T01:13:00+08:00,2026-04-26,37.8712868,-4.7809636,timelinePath,,,哥多華 / 安達盧西亞內陸
2026-04-26T01:14:00+08:00,2026-04-26,37.87597,-4.7861859,timelinePath,,,哥多華 / 安達盧西亞內陸
2026-04-26T01:19:00+08:00,2026-04-26,37.88975,-4.7846733,timelinePath,,,哥多華 / 安達盧西亞內陸
2026-04-26T01:19:59+08:00,2026-04-26,37.8918072,-4.7836317,activity_end,IN_PASSENGER_VEHICLE,3062.89208984375,哥多華 / 安達盧西亞內陸
2026-04-26T01:20:00+08:00,2026-04-26,37.8918072,-4.7836317,timelinePath,,,哥多華 / 安達盧西亞內陸
2026-04-26T02:56:00+08:00,2026-04-26,37.8914944,-4.7833127,timelinePath,,,哥多華 / 安達盧西亞內陸
2026-04-26T02:56:20+08:00,2026-04-26,37.8914944,-4.7833127,activity_start,WALKING,338.47393798828125,哥多華 / 安達盧西亞內陸
2026-04-26T03:01:00+08:00,2026-04-26,37.8885364,-4.7828188,activity_end,WALKING,338.47393798828125,哥多華 / 安達盧西亞內陸
2026-04-26T03:39:00+08:00,2026-04-26,37.8884721,-4.7827442,timelinePath,,,哥多華 / 安達盧西亞內陸
2026-04-26T03:39:22+08:00,2026-04-26,37.8884721,-4.7827442,activity_start,WALKING,372.1809997558594,哥多華 / 安達盧西亞內陸
2026-04-26T03:44:00+08:00,2026-04-26,37.8905521,-4.7829375,timelinePath,,,哥多華 / 安達盧西亞內陸
2026-04-26T03:45:00+08:00,2026-04-26,37.8917442,-4.7833556,timelinePath,,,哥多華 / 安達盧西亞內陸
2026-04-26T03:45:28+08:00,2026-04-26,37.8917442,-4.7833556,activity_end,WALKING,372.1809997558594,哥多華 / 安達盧西亞內陸
2026-04-26T03:54:00+08:00,2026-04-26,37.8925288,-4.7838732,timelinePath,,,哥多華 / 安達盧西亞內陸
2026-04-26T03:56:00+08:00,2026-04-26,37.8925462,-4.7838361,timelinePath,,,哥多華 / 安達盧西亞內陸
2026-04-26T04:05:00+08:00,2026-04-26,37.8924462,-4.7838328,timelinePath,,,哥多華 / 安達盧西亞內陸
2026-04-26T04:10:00+08:00,2026-04-26,37.8924462,-4.7838328,timelinePath,,,哥多華 / 安達盧西亞內陸
2026-04-26T04:14:00+08:00,2026-04-26,37.8924462,-4.7838328,timelinePath,,,哥多華 / 安達盧西亞內陸
2026-04-26T04:24:00+08:00,2026-04-26,37.8925513,-4.7838112,timelinePath,,,哥多華 / 安達盧西亞內陸
2026-04-26T04:29:00+08:00,2026-04-26,37.8927674,-4.7837838,timelinePath,,,哥多華 / 安達盧西亞內陸
2026-04-26T04:33:00+08:00,2026-04-26,37.8924987,-4.7838389,timelinePath,,,哥多華 / 安達盧西亞內陸
2026-04-26T04:41:00+08:00,2026-04-26,37.8928257,-4.7837935,timelinePath,,,哥多華 / 安達盧西亞內陸
2026-04-26T04:46:00+08:00,2026-04-26,37.8926206,-4.7838503,timelinePath,,,哥多華 / 安達盧西亞內陸
2026-04-26T04:50:00+08:00,2026-04-26,37.8926206,-4.7838503,timelinePath,,,哥多華 / 安達盧西亞內陸
2026-04-26T04:51:00+08:00,2026-04-26,37.8925511,-4.7839007,timelinePath,,,哥多華 / 安達盧西亞內陸
2026-04-26T04:58:00+08:00,2026-04-26,37.8925522,-4.783916,timelinePath,,,哥多華 / 安達盧西亞內陸
2026-04-26T05:02:00+08:00,2026-04-26,37.8925445,-4.7837971,timelinePath,,,哥多華 / 安達盧西亞內陸
2026-04-26T05:06:00+08:00,2026-04-26,37.8925445,-4.7837971,timelinePath,,,哥多華 / 安達盧西亞內陸
2026-04-26T05:11:00+08:00,2026-04-26,37.8925946,-4.7839453,timelinePath,,,哥多華 / 安達盧西亞內陸
2026-04-26T05:15:00+08:00,2026-04-26,37.8925847,-4.7838783,timelinePath,,,哥多華 / 安達盧西亞內陸
2026-04-26T05:27:00+08:00,2026-04-26,37.8925463,-4.7839241,timelinePath,,,哥多華 / 安達盧西亞內陸
2026-04-26T05:36:00+08:00,2026-04-26,37.8924807,-4.7839151,timelinePath,,,哥多華 / 安達盧西亞內陸
2026-04-26T05:40:00+08:00,2026-04-26,37.8924807,-4.7839151,timelinePath,,,哥多華 / 安達盧西亞內陸
2026-04-26T15:04:00+08:00,2026-04-26,37.8919371,-4.7832657,timelinePath,,,哥多華 / 安達盧西亞內陸
2026-04-26T15:04:13+08:00,2026-04-26,37.8919371,-4.7832657,activity_start,IN_PASSENGER_VEHICLE,78395.0703125,哥多華 / 安達盧西亞內陸
2026-04-26T15:06:00+08:00,2026-04-26,37.890392,-4.7867395,timelinePath,,,哥多華 / 安達盧西亞內陸
2026-04-26T15:10:00+08:00,2026-04-26,37.8761641,-4.7864018,timelinePath,,,哥多華 / 安達盧西亞內陸
2026-04-26T15:12:00+08:00,2026-04-26,37.8706146,-4.7812909,timelinePath,,,哥多華 / 安達盧西亞內陸
2026-04-26T15:14:00+08:00,2026-04-26,37.868476,-4.776249,timelinePath,,,哥多華 / 安達盧西亞內陸
2026-04-26T15:14:00+08:00,2026-04-26,37.8654549,-4.7738691,timelinePath,,,哥多華 / 安達盧西亞內陸
2026-04-26T15:17:00+08:00,2026-04-26,37.8511622,-4.7643483,timelinePath,,,哥多華 / 安達盧西亞內陸
2026-04-26T15:19:00+08:00,2026-04-26,37.8398628,-4.7442135,timelinePath,,,哥多華 / 安達盧西亞內陸
2026-04-26T15:20:00+08:00,2026-04-26,37.8349941,-4.7400619,timelinePath,,,哥多華 / 安達盧西亞內陸
2026-04-26T15:22:00+08:00,2026-04-26,37.8162512,-4.7351155,timelinePath,,,哥多華 / 安達盧西亞內陸
2026-04-26T15:27:00+08:00,2026-04-26,37.7715021,-4.6836318,timelinePath,,,哥多華 / 安達盧西亞內陸
2026-04-26T15:31:00+08:00,2026-04-26,37.7381653,-4.6481457,timelinePath,,,哥多華 / 安達盧西亞內陸
2026-04-26T15:32:00+08:00,2026-04-26,37.7343981,-4.6389568,timelinePath,,,哥多華 / 安達盧西亞內陸
2026-04-26T15:32:00+08:00,2026-04-26,37.7298311,-4.6353887,timelinePath,,,哥多華 / 安達盧西亞內陸
2026-04-26T15:37:00+08:00,2026-04-26,37.6497849,-4.6926793,timelinePath,,,哥多華 / 安達盧西亞內陸
2026-04-26T15:42:00+08:00,2026-04-26,37.686372,-4.5338221,timelinePath,,,哥多華 / 安達盧西亞內陸
2026-04-26T15:43:00+08:00,2026-04-26,37.6852994,-4.5278972,timelinePath,,,哥多華 / 安達盧西亞內陸
2026-04-26T15:44:00+08:00,2026-04-26,37.6819039,-4.5225551,timelinePath,,,哥多華 / 安達盧西亞內陸
2026-04-26T15:53:00+08:00,2026-04-26,37.6883977,-4.4756306,timelinePath,,,哥多華 / 安達盧西亞內陸
2026-04-26T16:02:00+08:00,2026-04-26,37.5614813,-4.3165451,timelinePath,,,哥多華 / 安達盧西亞內陸
2026-04-26T16:07:00+08:00,2026-04-26,37.5729786,-4.2626759,timelinePath,,,哥多華 / 安達盧西亞內陸
2026-04-26T16:07:06+08:00,2026-04-26,37.5729786,-4.2626759,activity_end,IN_PASSENGER_VEHICLE,78395.0703125,哥多華 / 安達盧西亞內陸
2026-04-26T16:46:59+08:00,2026-04-26,37.5729582,-4.262478,activity_start,IN_PASSENGER_VEHICLE,93384.984375,哥多華 / 安達盧西亞內陸
2026-04-26T16:47:00+08:00,2026-04-26,37.5729582,-4.262478,timelinePath,,,哥多華 / 安達盧西亞內陸
2026-04-26T16:50:00+08:00,2026-04-26,37.5672352,-4.2444414,timelinePath,,,哥多華 / 安達盧西亞內陸
2026-04-26T16:55:00+08:00,2026-04-26,37.5899814,-4.1326654,timelinePath,,,哥多華 / 安達盧西亞內陸
2026-04-26T17:06:00+08:00,2026-04-26,37.5403887,-3.9988459,timelinePath,,,哥多華 / 安達盧西亞內陸
2026-04-26T17:15:00+08:00,2026-04-26,37.4899245,-3.9633291,timelinePath,,,哥多華 / 安達盧西亞內陸
2026-04-26T17:27:00+08:00,2026-04-26,37.3820313,-3.7814504,timelinePath,,,格拉納達一帶
2026-04-26T17:32:00+08:00,2026-04-26,37.3426964,-3.8329309,timelinePath,,,格拉納達一帶
2026-04-26T17:37:00+08:00,2026-04-26,37.3120611,-3.8255556,timelinePath,,,格拉納達一帶
2026-04-26T17:42:00+08:00,2026-04-26,37.2647282,-3.7825462,timelinePath,,,格拉納達一帶
2026-04-26T17:50:00+08:00,2026-04-26,37.2112447,-3.6821324,timelinePath,,,格拉納達一帶
2026-04-26T17:57:00+08:00,2026-04-26,37.197568,-3.6396529,timelinePath,,,格拉納達一帶
2026-04-26T17:58:00+08:00,2026-04-26,37.1959536,-3.6326642,timelinePath,,,格拉納達一帶
2026-04-26T18:05:00+08:00,2026-04-26,37.1499683,-3.5945652,timelinePath,,,格拉納達一帶
2026-04-26T18:07:00+08:00,2026-04-26,37.1635426,-3.5716254,timelinePath,,,格拉納達一帶
2026-04-26T18:12:00+08:00,2026-04-26,37.171521,-3.5817437,timelinePath,,,格拉納達一帶
2026-04-26T18:14:00+08:00,2026-04-26,37.1733773,-3.5839974,timelinePath,,,格拉納達一帶
2026-04-26T18:14:08+08:00,2026-04-26,37.1733773,-3.5839974,activity_end,IN_PASSENGER_VEHICLE,93384.984375,格拉納達一帶
2026-04-26T20:07:00+08:00,2026-04-26,37.1733385,-3.5837024,timelinePath,,,格拉納達一帶
2026-04-26T20:07:17+08:00,2026-04-26,37.1733385,-3.5837024,activity_start,WALKING,6507.40380859375,格拉納達一帶
2026-04-26T20:17:00+08:00,2026-04-26,37.1751208,-3.5847802,timelinePath,,,格拉納達一帶
2026-04-26T20:28:00+08:00,2026-04-26,37.1760887,-3.5887072,timelinePath,,,格拉納達一帶
2026-04-26T20:52:00+08:00,2026-04-26,37.1769586,-3.5908126,timelinePath,,,格拉納達一帶
2026-04-26T21:48:00+08:00,2026-04-26,37.1804903,-3.5924946,timelinePath,,,格拉納達一帶
2026-04-26T21:49:00+08:00,2026-04-26,37.1791358,-3.5892645,timelinePath,,,格拉納達一帶
2026-04-26T21:51:00+08:00,2026-04-26,37.1773203,-3.5890849,timelinePath,,,格拉納達一帶
2026-04-26T21:58:00+08:00,2026-04-26,37.1808116,-3.591832,timelinePath,,,格拉納達一帶
2026-04-26T21:59:00+08:00,2026-04-26,37.1786391,-3.5896535,timelinePath,,,格拉納達一帶
2026-04-26T22:03:00+08:00,2026-04-26,37.1770009,-3.5883723,timelinePath,,,格拉納達一帶
2026-04-26T22:18:00+08:00,2026-04-26,37.1753575,-3.5856139,timelinePath,,,格拉納達一帶
2026-04-26T22:20:00+08:00,2026-04-26,37.1805718,-3.5915383,timelinePath,,,格拉納達一帶
2026-04-26T22:23:00+08:00,2026-04-26,37.1763844,-3.5868059,timelinePath,,,格拉納達一帶
2026-04-26T22:42:00+08:00,2026-04-26,37.1781687,-3.5855411,timelinePath,,,格拉納達一帶
2026-04-26T22:51:00+08:00,2026-04-26,37.175448,-3.5845911,timelinePath,,,格拉納達一帶
2026-04-26T23:02:00+08:00,2026-04-26,37.1733605,-3.5839233,timelinePath,,,格拉納達一帶
2026-04-26T23:09:32+08:00,2026-04-26,37.1733241,-3.5839834,activity_end,WALKING,6507.40380859375,格拉納達一帶
2026-04-26T23:10:00+08:00,2026-04-26,37.1733241,-3.5839834,timelinePath,,,格拉納達一帶
2026-04-26T23:12:00+08:00,2026-04-26,37.1707096,-3.5813941,timelinePath,,,格拉納達一帶
2026-04-26T23:12:00+08:00,2026-04-26,37.1700101,-3.5846528,timelinePath,,,格拉納達一帶
2026-04-26T23:15:00+08:00,2026-04-26,37.1634835,-3.5714333,timelinePath,,,格拉納達一帶
2026-04-26T23:17:00+08:00,2026-04-26,37.1457304,-3.6009808,timelinePath,,,格拉納達一帶
2026-04-26T23:23:00+08:00,2026-04-26,37.1794603,-3.6080261,timelinePath,,,格拉納達一帶
2026-04-26T23:27:00+08:00,2026-04-26,37.1877651,-3.6006612,timelinePath,,,格拉納達一帶
2026-04-26T23:32:00+08:00,2026-04-26,37.1852309,-3.5928178,timelinePath,,,格拉納達一帶
2026-04-26T23:32:09+08:00,2026-04-26,37.1852309,-3.5928178,activity_end,IN_BUS,11024.4375,格拉納達一帶
2026-04-26T23:35:00+08:00,2026-04-26,37.1830655,-3.5942177,timelinePath,,,格拉納達一帶
2026-04-26T23:43:00+08:00,2026-04-26,37.1814071,-3.5928148,timelinePath,,,格拉納達一帶
2026-04-27T00:12:00+08:00,2026-04-27,37.1844978,-3.594088,timelinePath,,,格拉納達一帶
2026-04-27T00:12:04+08:00,2026-04-27,37.1823005,-3.5934825,activity_end,WALKING,1158.9146728515625,格拉納達一帶
2026-04-27T00:12:04+08:00,2026-04-27,37.1844978,-3.594088,activity_start,IN_BUS,4421.62109375,格拉納達一帶
2026-04-27T00:13:00+08:00,2026-04-27,37.1832086,-3.5961476,timelinePath,,,格拉納達一帶
2026-04-27T00:13:00+08:00,2026-04-27,37.1850378,-3.597823,timelinePath,,,格拉納達一帶
2026-04-27T00:17:00+08:00,2026-04-27,37.1903028,-3.6017327,timelinePath,,,格拉納達一帶
2026-04-27T00:21:00+08:00,2026-04-27,37.1853289,-3.6071397,timelinePath,,,格拉納達一帶
2026-04-27T00:23:00+08:00,2026-04-27,37.1790693,-3.6082827,timelinePath,,,格拉納達一帶
2026-04-27T00:26:00+08:00,2026-04-27,37.1767972,-3.6138545,timelinePath,,,格拉納達一帶
2026-04-27T00:27:00+08:00,2026-04-27,37.16805,-3.6103339,timelinePath,,,格拉納達一帶
2026-04-27T00:27:49+08:00,2026-04-27,37.1686799,-3.6079305,activity_end,IN_BUS,4421.62109375,格拉納達一帶
2026-04-27T00:28:00+08:00,2026-04-27,37.1686799,-3.6079305,timelinePath,,,格拉納達一帶
2026-04-27T00:37:00+08:00,2026-04-27,37.1721381,-3.607255,timelinePath,,,格拉納達一帶
2026-04-27T01:51:49+08:00,2026-04-27,37.1721053,-3.6075479,activity_start,WALKING,421.47802734375,格拉納達一帶
2026-04-27T01:52:00+08:00,2026-04-27,37.1721053,-3.6075479,timelinePath,,,格拉納達一帶
2026-04-27T01:57:00+08:00,2026-04-27,37.1694323,-3.6073333,timelinePath,,,格拉納達一帶
2026-04-27T01:58:45+08:00,2026-04-27,37.1689917,-3.6076428,activity_end,WALKING,421.47802734375,格拉納達一帶
2026-04-27T01:59:00+08:00,2026-04-27,37.1689917,-3.6076428,timelinePath,,,格拉納達一帶
2026-04-27T02:02:00+08:00,2026-04-27,37.1498071,-3.6121788,timelinePath,,,格拉納達一帶
2026-04-27T02:07:50+08:00,2026-04-27,37.1517249,-3.5918254,activity_end,IN_PASSENGER_VEHICLE,3987.216796875,格拉納達一帶
2026-04-27T02:08:00+08:00,2026-04-27,37.1517249,-3.5918254,timelinePath,,,格拉納達一帶
2026-04-27T02:09:00+08:00,2026-04-27,37.1520668,-3.5917481,timelinePath,,,格拉納達一帶
2026-04-27T02:11:00+08:00,2026-04-27,37.152066,-3.5916135,timelinePath,,,格拉納達一帶
2026-04-27T02:12:00+08:00,2026-04-27,37.1520086,-3.5916084,timelinePath,,,格拉納達一帶
2026-04-27T02:21:00+08:00,2026-04-27,37.1520444,-3.5915092,timelinePath,,,格拉納達一帶
2026-04-27T02:23:00+08:00,2026-04-27,37.1521638,-3.5915404,timelinePath,,,格拉納達一帶
2026-04-27T02:28:00+08:00,2026-04-27,37.1519224,-3.5911314,timelinePath,,,格拉納達一帶
2026-04-27T02:30:00+08:00,2026-04-27,37.1519987,-3.5914514,timelinePath,,,格拉納達一帶
2026-04-27T02:32:00+08:00,2026-04-27,37.1519384,-3.5915299,timelinePath,,,格拉納達一帶
2026-04-27T02:36:00+08:00,2026-04-27,37.1519413,-3.5914468,timelinePath,,,格拉納達一帶
2026-04-27T02:40:00+08:00,2026-04-27,37.1519413,-3.5914468,timelinePath,,,格拉納達一帶
2026-04-27T02:44:00+08:00,2026-04-27,37.1519413,-3.5914468,timelinePath,,,格拉納達一帶
2026-04-27T02:52:00+08:00,2026-04-27,37.1519413,-3.5914468,timelinePath,,,格拉納達一帶
2026-04-27T02:56:00+08:00,2026-04-27,37.1519413,-3.5914468,timelinePath,,,格拉納達一帶
2026-04-27T03:00:00+08:00,2026-04-27,37.1519413,-3.5914468,timelinePath,,,格拉納達一帶
2026-04-27T03:05:00+08:00,2026-04-27,37.1519413,-3.5914468,timelinePath,,,格拉納達一帶
2026-04-27T03:09:00+08:00,2026-04-27,37.1519814,-3.5915048,timelinePath,,,格拉納達一帶
2026-04-27T03:13:00+08:00,2026-04-27,37.1519412,-3.5916063,timelinePath,,,格拉納達一帶
2026-04-27T03:14:00+08:00,2026-04-27,37.1519476,-3.5916041,timelinePath,,,格拉納達一帶
2026-04-27T03:15:00+08:00,2026-04-27,37.1519507,-3.5916032,timelinePath,,,格拉納達一帶
2026-04-27T03:23:00+08:00,2026-04-27,37.1520297,-3.5915804,timelinePath,,,格拉納達一帶
2026-04-27T03:34:00+08:00,2026-04-27,37.15192,-3.59152,timelinePath,,,格拉納達一帶
2026-04-27T03:39:00+08:00,2026-04-27,37.1518843,-3.5914482,timelinePath,,,格拉納達一帶
2026-04-27T03:45:00+08:00,2026-04-27,37.1519104,-3.5913913,timelinePath,,,格拉納達一帶
2026-04-27T03:53:00+08:00,2026-04-27,37.1519509,-3.5915124,timelinePath,,,格拉納達一帶
2026-04-27T03:56:00+08:00,2026-04-27,37.151927,-3.5914737,timelinePath,,,格拉納達一帶
2026-04-27T03:57:00+08:00,2026-04-27,37.1519427,-3.5914543,timelinePath,,,格拉納達一帶
2026-04-27T04:04:00+08:00,2026-04-27,37.1519241,-3.591424,timelinePath,,,格拉納達一帶
2026-04-27T04:13:00+08:00,2026-04-27,37.151899,-3.5915187,timelinePath,,,格拉納達一帶
2026-04-27T04:20:00+08:00,2026-04-27,37.151899,-3.5915187,timelinePath,,,格拉納達一帶
2026-04-27T04:25:00+08:00,2026-04-27,37.151899,-3.5915187,timelinePath,,,格拉納達一帶
2026-04-27T04:31:00+08:00,2026-04-27,37.1517923,-3.5914053,timelinePath,,,格拉納達一帶
2026-04-27T04:36:00+08:00,2026-04-27,37.1519661,-3.591451,timelinePath,,,格拉納達一帶
2026-04-27T04:41:00+08:00,2026-04-27,37.1519661,-3.591451,timelinePath,,,格拉納達一帶
2026-04-27T04:45:00+08:00,2026-04-27,37.1519661,-3.591451,timelinePath,,,格拉納達一帶
2026-04-27T04:49:00+08:00,2026-04-27,37.1519661,-3.591451,timelinePath,,,格拉納達一帶
2026-04-27T04:52:00+08:00,2026-04-27,37.1519661,-3.591451,timelinePath,,,格拉納達一帶
2026-04-27T14:35:54+08:00,2026-04-27,37.1519353,-3.5911969,activity_start,IN_BUS,147772.828125,格拉納達一帶
2026-04-27T14:36:00+08:00,2026-04-27,37.1519353,-3.5911969,timelinePath,,,格拉納達一帶
2026-04-27T14:41:00+08:00,2026-04-27,37.1518718,-3.6124471,timelinePath,,,格拉納達一帶
2026-04-27T14:42:00+08:00,2026-04-27,37.1550581,-3.6125206,timelinePath,,,格拉納達一帶
2026-04-27T14:48:00+08:00,2026-04-27,37.1846561,-3.6284522,timelinePath,,,格拉納達一帶
2026-04-27T14:49:00+08:00,2026-04-27,37.1865149,-3.6317697,timelinePath,,,格拉納達一帶
2026-04-27T14:52:00+08:00,2026-04-27,37.203399,-3.6271303,timelinePath,,,格拉納達一帶
2026-04-27T14:58:00+08:00,2026-04-27,37.2383276,-3.6582323,timelinePath,,,格拉納達一帶
2026-04-27T15:02:00+08:00,2026-04-27,37.2118578,-3.7181951,timelinePath,,,格拉納達一帶
2026-04-27T15:03:00+08:00,2026-04-27,37.194033,-3.7323583,timelinePath,,,格拉納達一帶
2026-04-27T15:04:00+08:00,2026-04-27,37.1908076,-3.7435006,timelinePath,,,格拉納達一帶
2026-04-27T15:12:00+08:00,2026-04-27,37.1962342,-3.8704617,timelinePath,,,格拉納達一帶
2026-04-27T15:19:00+08:00,2026-04-27,37.1928622,-4.0239394,timelinePath,,,跨區移動 / 飛行段
2026-04-27T15:21:00+08:00,2026-04-27,37.1822428,-4.0401421,timelinePath,,,跨區移動 / 飛行段
2026-04-27T15:27:00+08:00,2026-04-27,37.1669902,-4.1428997,timelinePath,,,跨區移動 / 飛行段
2026-04-27T15:31:00+08:00,2026-04-27,37.1593199,-4.2143536,timelinePath,,,跨區移動 / 飛行段
2026-04-27T15:32:00+08:00,2026-04-27,37.1549083,-4.2242512,timelinePath,,,跨區移動 / 飛行段
2026-04-27T15:32:00+08:00,2026-04-27,37.1483303,-4.2317834,timelinePath,,,跨區移動 / 飛行段
2026-04-27T15:37:00+08:00,2026-04-27,37.1233417,-4.2985774,timelinePath,,,跨區移動 / 飛行段
2026-04-27T15:41:00+08:00,2026-04-27,37.0683734,-4.3276339,timelinePath,,,跨區移動 / 飛行段
2026-04-27T15:44:00+08:00,2026-04-27,37.0375943,-4.3885308,timelinePath,,,跨區移動 / 飛行段
2026-04-27T15:53:00+08:00,2026-04-27,36.9021232,-4.4576093,timelinePath,,,跨區移動 / 飛行段
2026-04-27T15:55:00+08:00,2026-04-27,36.9061079,-4.4511202,timelinePath,,,跨區移動 / 飛行段
2026-04-27T15:56:00+08:00,2026-04-27,36.9030988,-4.4579308,timelinePath,,,跨區移動 / 飛行段
2026-04-27T16:02:00+08:00,2026-04-27,36.8163134,-4.4366993,timelinePath,,,跨區移動 / 飛行段
2026-04-27T16:04:00+08:00,2026-04-27,36.7963629,-4.4670695,timelinePath,,,跨區移動 / 飛行段
2026-04-27T16:12:00+08:00,2026-04-27,36.7053078,-4.520066,timelinePath,,,跨區移動 / 飛行段
2026-04-27T16:18:00+08:00,2026-04-27,36.6114411,-4.528442,timelinePath,,,跨區移動 / 飛行段
2026-04-27T16:24:00+08:00,2026-04-27,36.5687409,-4.6232455,timelinePath,,,跨區移動 / 飛行段
2026-04-27T16:29:00+08:00,2026-04-27,36.5936912,-4.6339409,timelinePath,,,跨區移動 / 飛行段
2026-04-27T16:32:00+08:00,2026-04-27,36.59692,-4.6369519,timelinePath,,,跨區移動 / 飛行段
2026-04-27T16:32:11+08:00,2026-04-27,36.59692,-4.6369519,activity_end,IN_BUS,147772.828125,跨區移動 / 飛行段
2026-04-27T16:58:00+08:00,2026-04-27,36.5954442,-4.6386168,timelinePath,,,跨區移動 / 飛行段
2026-04-27T17:40:00+08:00,2026-04-27,36.59564,-4.6360049,timelinePath,,,跨區移動 / 飛行段
2026-04-27T17:40:14+08:00,2026-04-27,36.59564,-4.6360049,activity_end,WALKING,1662.37841796875,跨區移動 / 飛行段
2026-04-27T17:40:14+08:00,2026-04-27,36.597133,-4.6361201,activity_start,IN_BUS,89236.625,跨區移動 / 飛行段
2026-04-27T17:42:00+08:00,2026-04-27,36.5999487,-4.6323461,timelinePath,,,跨區移動 / 飛行段
2026-04-27T17:43:00+08:00,2026-04-27,36.5995897,-4.6349934,timelinePath,,,跨區移動 / 飛行段
2026-04-27T17:44:00+08:00,2026-04-27,36.5949935,-4.6420233,timelinePath,,,跨區移動 / 飛行段
2026-04-27T17:47:00+08:00,2026-04-27,36.5946897,-4.6551512,timelinePath,,,跨區移動 / 飛行段
2026-04-27T17:57:00+08:00,2026-04-27,36.6165027,-4.7067801,timelinePath,,,跨區移動 / 飛行段
2026-04-27T18:01:00+08:00,2026-04-27,36.6342705,-4.7415661,timelinePath,,,跨區移動 / 飛行段
2026-04-27T18:02:00+08:00,2026-04-27,36.6385918,-4.7439642,timelinePath,,,跨區移動 / 飛行段
2026-04-27T18:10:00+08:00,2026-04-27,36.7168512,-4.6913867,timelinePath,,,跨區移動 / 飛行段
2026-04-27T18:16:00+08:00,2026-04-27,36.7547946,-4.7225436,timelinePath,,,跨區移動 / 飛行段
2026-04-27T18:23:00+08:00,2026-04-27,36.8116563,-4.7864657,timelinePath,,,跨區移動 / 飛行段
2026-04-27T18:29:00+08:00,2026-04-27,36.8772905,-4.8429873,timelinePath,,,跨區移動 / 飛行段
2026-04-27T18:39:00+08:00,2026-04-27,36.9397803,-4.8658391,timelinePath,,,跨區移動 / 飛行段
2026-04-27T18:45:00+08:00,2026-04-27,36.9239198,-4.9738842,timelinePath,,,跨區移動 / 飛行段
2026-04-27T18:50:00+08:00,2026-04-27,36.8905375,-5.018542,timelinePath,,,塞維亞一帶
2026-04-27T18:54:00+08:00,2026-04-27,36.8687562,-5.0506038,timelinePath,,,塞維亞一帶
2026-04-27T18:54:00+08:00,2026-04-27,36.8646131,-5.0532452,timelinePath,,,塞維亞一帶
2026-04-27T18:55:00+08:00,2026-04-27,36.8622166,-5.0595859,timelinePath,,,塞維亞一帶
2026-04-27T18:55:00+08:00,2026-04-27,36.856249,-5.0619364,timelinePath,,,塞維亞一帶
2026-04-27T18:57:00+08:00,2026-04-27,36.8463239,-5.0570781,timelinePath,,,塞維亞一帶
2026-04-27T19:02:00+08:00,2026-04-27,36.7963027,-5.1355515,timelinePath,,,塞維亞一帶
2026-04-27T19:06:00+08:00,2026-04-27,36.7671125,-5.1301721,timelinePath,,,塞維亞一帶
2026-04-27T19:12:00+08:00,2026-04-27,36.7546528,-5.1680266,timelinePath,,,塞維亞一帶
2026-04-27T19:13:00+08:00,2026-04-27,36.7490536,-5.1690341,timelinePath,,,塞維亞一帶
2026-04-27T19:16:54+08:00,2026-04-27,36.747151,-5.1657149,activity_end,IN_BUS,89236.625,塞維亞一帶
2026-04-27T19:16:54+08:00,2026-04-27,36.7466755,-5.1653043,activity_start,WALKING,725.3157348632812,塞維亞一帶
2026-04-27T19:17:00+08:00,2026-04-27,36.747151,-5.1657149,timelinePath,,,塞維亞一帶
2026-04-27T19:25:00+08:00,2026-04-27,36.7435461,-5.1638628,timelinePath,,,塞維亞一帶
2026-04-27T19:33:45+08:00,2026-04-27,36.7419369,-5.1668152,activity_end,WALKING,725.3157348632812,塞維亞一帶
2026-04-27T19:34:00+08:00,2026-04-27,36.7419369,-5.1668152,timelinePath,,,塞維亞一帶
2026-04-27T21:36:00+08:00,2026-04-27,36.7406046,-5.165248,timelinePath,,,塞維亞一帶
2026-04-27T22:11:00+08:00,2026-04-27,36.742182,-5.1679855,timelinePath,,,塞維亞一帶
2026-04-27T22:24:00+08:00,2026-04-27,36.7431179,-5.1646766,timelinePath,,,塞維亞一帶
2026-04-27T22:30:00+08:00,2026-04-27,36.7455841,-5.1665635,timelinePath,,,塞維亞一帶
2026-04-27T22:38:00+08:00,2026-04-27,36.7467484,-5.1654782,timelinePath,,,塞維亞一帶
2026-04-27T22:38:13+08:00,2026-04-27,36.7467484,-5.1654782,activity_end,WALKING,3583.7216796875,塞維亞一帶
2026-04-27T22:41:00+08:00,2026-04-27,36.7532973,-5.1697332,timelinePath,,,塞維亞一帶
2026-04-27T22:44:00+08:00,2026-04-27,36.7518355,-5.1819097,timelinePath,,,塞維亞一帶
2026-04-27T22:49:00+08:00,2026-04-27,36.7571523,-5.186715,timelinePath,,,塞維亞一帶
2026-04-27T22:57:00+08:00,2026-04-27,36.783323,-5.2411706,timelinePath,,,塞維亞一帶
2026-04-27T23:01:00+08:00,2026-04-27,36.8099839,-5.2830357,timelinePath,,,塞維亞一帶
2026-04-27T23:07:00+08:00,2026-04-27,36.8205494,-5.3295297,timelinePath,,,塞維亞一帶
2026-04-27T23:13:00+08:00,2026-04-27,36.773378,-5.2836278,timelinePath,,,塞維亞一帶
2026-04-27T23:18:00+08:00,2026-04-27,36.8849597,-5.3764521,timelinePath,,,塞維亞一帶
2026-04-27T23:20:00+08:00,2026-04-27,36.880744,-5.394639,timelinePath,,,塞維亞一帶
2026-04-27T23:21:00+08:00,2026-04-27,36.8742988,-5.4045692,timelinePath,,,塞維亞一帶
2026-04-27T23:21:00+08:00,2026-04-27,36.8724131,-5.4147472,timelinePath,,,塞維亞一帶
2026-04-27T23:28:00+08:00,2026-04-27,36.8196164,-5.5002316,timelinePath,,,塞維亞一帶
2026-04-27T23:32:00+08:00,2026-04-27,36.8893971,-5.5358838,timelinePath,,,塞維亞一帶
2026-04-27T23:33:00+08:00,2026-04-27,36.8982064,-5.5357022,timelinePath,,,塞維亞一帶
2026-04-27T23:39:00+08:00,2026-04-27,36.9939679,-5.56944,timelinePath,,,塞維亞一帶
2026-04-27T23:42:00+08:00,2026-04-27,36.9895006,-5.5892803,timelinePath,,,塞維亞一帶
2026-04-27T23:45:00+08:00,2026-04-27,37.0169887,-5.6080902,timelinePath,,,塞維亞一帶
2026-04-27T23:45:00+08:00,2026-04-27,37.0235739,-5.6066886,timelinePath,,,塞維亞一帶
2026-04-27T23:52:00+08:00,2026-04-27,37.0805416,-5.6341301,timelinePath,,,塞維亞一帶
2026-04-27T23:58:00+08:00,2026-04-27,37.1479891,-5.6347872,timelinePath,,,塞維亞一帶
2026-04-28T00:03:00+08:00,2026-04-28,37.1751328,-5.6676524,timelinePath,,,塞維亞一帶
2026-04-28T00:08:00+08:00,2026-04-28,37.2378171,-5.7308048,timelinePath,,,塞維亞一帶
2026-04-28T00:15:00+08:00,2026-04-28,37.329675,-5.8151124,timelinePath,,,塞維亞一帶
2026-04-28T00:18:00+08:00,2026-04-28,37.3478031,-5.8317908,timelinePath,,,塞維亞一帶
2026-04-28T00:20:00+08:00,2026-04-28,37.357413,-5.8670008,timelinePath,,,塞維亞一帶
2026-04-28T00:22:00+08:00,2026-04-28,37.3725882,-5.8826242,timelinePath,,,塞維亞一帶
2026-04-28T00:28:00+08:00,2026-04-28,37.3868394,-5.9542063,timelinePath,,,塞維亞一帶
2026-04-28T00:35:00+08:00,2026-04-28,37.3870991,-5.9775334,timelinePath,,,塞維亞一帶
2026-04-28T00:37:00+08:00,2026-04-28,37.3890578,-5.9840444,timelinePath,,,塞維亞一帶
2026-04-28T00:41:00+08:00,2026-04-28,37.3993395,-5.982603,timelinePath,,,塞維亞一帶
2026-04-28T00:44:00+08:00,2026-04-28,37.4031405,-5.9890257,timelinePath,,,塞維亞一帶
2026-04-28T00:46:00+08:00,2026-04-28,37.4037285,-5.9946029,timelinePath,,,塞維亞一帶
2026-04-28T00:50:45+08:00,2026-04-28,37.405408,-5.9995124,activity_end,IN_BUS,131850.140625,塞維亞一帶
2026-04-28T00:51:00+08:00,2026-04-28,37.405408,-5.9995124,timelinePath,,,塞維亞一帶
2026-04-28T02:35:58+08:00,2026-04-28,37.4054121,-5.9996123,activity_start,IN_PASSENGER_VEHICLE,5638.6787109375,塞維亞一帶
2026-04-28T02:36:00+08:00,2026-04-28,37.4054121,-5.9996123,timelinePath,,,塞維亞一帶
2026-04-28T02:41:00+08:00,2026-04-28,37.4052197,-6.008214,timelinePath,,,塞維亞一帶
2026-04-28T02:46:00+08:00,2026-04-28,37.3803145,-6.0140474,timelinePath,,,塞維亞一帶
2026-04-28T02:51:00+08:00,2026-04-28,37.3699745,-6.0333822,timelinePath,,,塞維亞一帶
2026-04-28T02:51:12+08:00,2026-04-28,37.3699745,-6.0333822,activity_end,IN_PASSENGER_VEHICLE,5638.6787109375,塞維亞一帶
2026-04-28T02:53:00+08:00,2026-04-28,37.3698228,-6.0332602,timelinePath,,,塞維亞一帶
2026-04-28T02:55:00+08:00,2026-04-28,37.3700075,-6.0330609,timelinePath,,,塞維亞一帶
2026-04-28T02:57:00+08:00,2026-04-28,37.3700558,-6.0330613,timelinePath,,,塞維亞一帶
2026-04-28T02:59:00+08:00,2026-04-28,37.3700475,-6.0329991,timelinePath,,,塞維亞一帶
2026-04-28T03:04:00+08:00,2026-04-28,37.3700805,-6.0332686,timelinePath,,,塞維亞一帶
2026-04-28T03:05:00+08:00,2026-04-28,37.3700392,-6.0332558,timelinePath,,,塞維亞一帶
2026-04-28T03:06:00+08:00,2026-04-28,37.3699536,-6.0332294,timelinePath,,,塞維亞一帶
2026-04-28T03:09:00+08:00,2026-04-28,37.37003,-6.0330558,timelinePath,,,塞維亞一帶
2026-04-28T03:12:00+08:00,2026-04-28,37.370066,-6.0330377,timelinePath,,,塞維亞一帶
2026-04-28T03:18:00+08:00,2026-04-28,37.3700418,-6.0330928,timelinePath,,,塞維亞一帶
2026-04-28T03:20:00+08:00,2026-04-28,37.3700554,-6.033037,timelinePath,,,塞維亞一帶
2026-04-28T03:21:00+08:00,2026-04-28,37.3700554,-6.033037,timelinePath,,,塞維亞一帶
2026-04-28T03:24:00+08:00,2026-04-28,37.3700184,-6.0328876,timelinePath,,,塞維亞一帶
2026-04-28T03:25:00+08:00,2026-04-28,37.3699945,-6.0328797,timelinePath,,,塞維亞一帶
2026-04-28T03:27:00+08:00,2026-04-28,37.3700118,-6.0328693,timelinePath,,,塞維亞一帶
2026-04-28T03:31:00+08:00,2026-04-28,37.3699571,-6.032282,timelinePath,,,塞維亞一帶
2026-04-28T03:34:00+08:00,2026-04-28,37.3698404,-6.0323339,timelinePath,,,塞維亞一帶
2026-04-28T03:36:00+08:00,2026-04-28,37.3693618,-6.0326312,timelinePath,,,塞維亞一帶
2026-04-28T03:38:00+08:00,2026-04-28,37.3693449,-6.0326072,timelinePath,,,塞維亞一帶
2026-04-28T03:42:00+08:00,2026-04-28,37.3693665,-6.0326286,timelinePath,,,塞維亞一帶
2026-04-28T03:46:00+08:00,2026-04-28,37.3692546,-6.0326613,timelinePath,,,塞維亞一帶
2026-04-28T03:48:00+08:00,2026-04-28,37.3693004,-6.0326347,timelinePath,,,塞維亞一帶
2026-04-28T03:49:00+08:00,2026-04-28,37.3695129,-6.032507,timelinePath,,,塞維亞一帶
2026-04-28T03:52:00+08:00,2026-04-28,37.369354,-6.0326179,timelinePath,,,塞維亞一帶
2026-04-28T03:55:00+08:00,2026-04-28,37.3694288,-6.0323768,timelinePath,,,塞維亞一帶
2026-04-28T03:57:00+08:00,2026-04-28,37.3692977,-6.0326231,timelinePath,,,塞維亞一帶
2026-04-28T03:58:00+08:00,2026-04-28,37.3692977,-6.0326231,timelinePath,,,塞維亞一帶
2026-04-28T04:00:00+08:00,2026-04-28,37.3696081,-6.0325284,timelinePath,,,塞維亞一帶
2026-04-28T04:01:00+08:00,2026-04-28,37.3693251,-6.0326146,timelinePath,,,塞維亞一帶
2026-04-28T04:03:00+08:00,2026-04-28,37.3694458,-6.0325335,timelinePath,,,塞維亞一帶
2026-04-28T15:04:00+08:00,2026-04-28,37.3701907,-6.0333467,timelinePath,,,塞維亞一帶
2026-04-28T15:04:10+08:00,2026-04-28,37.3704003,-6.0342689,activity_start,IN_BUS,6852.4580078125,塞維亞一帶
2026-04-28T15:06:00+08:00,2026-04-28,37.3717842,-6.0351584,timelinePath,,,塞維亞一帶
2026-04-28T15:08:00+08:00,2026-04-28,37.3745179,-6.0275045,timelinePath,,,塞維亞一帶
2026-04-28T15:09:00+08:00,2026-04-28,37.3843675,-6.0254556,timelinePath,,,塞維亞一帶
2026-04-28T15:11:00+08:00,2026-04-28,37.3885608,-6.0132198,timelinePath,,,塞維亞一帶
2026-04-28T15:14:00+08:00,2026-04-28,37.3887662,-6.0021711,timelinePath,,,塞維亞一帶
2026-04-28T15:20:00+08:00,2026-04-28,37.3791894,-5.9938552,timelinePath,,,塞維亞一帶
2026-04-28T15:23:00+08:00,2026-04-28,37.3795754,-5.9905124,timelinePath,,,塞維亞一帶
2026-04-28T15:26:00+08:00,2026-04-28,37.377711,-5.9842383,timelinePath,,,塞維亞一帶
2026-04-28T15:27:00+08:00,2026-04-28,37.3787279,-5.9868579,timelinePath,,,塞維亞一帶
2026-04-28T15:27:19+08:00,2026-04-28,37.3787279,-5.9868579,activity_end,IN_BUS,6852.4580078125,塞維亞一帶
2026-04-28T15:57:00+08:00,2026-04-28,37.3765113,-5.9863585,timelinePath,,,塞維亞一帶
2026-04-28T16:09:34+08:00,2026-04-28,37.3779124,-5.9864594,activity_start,IN_PASSENGER_VEHICLE,1991.89453125,塞維亞一帶
2026-04-28T16:10:00+08:00,2026-04-28,37.3779124,-5.9864594,timelinePath,,,塞維亞一帶
2026-04-28T16:12:00+08:00,2026-04-28,37.3794101,-5.9877743,timelinePath,,,塞維亞一帶
2026-04-28T16:16:00+08:00,2026-04-28,37.3863053,-5.985666,timelinePath,,,塞維亞一帶
2026-04-28T16:18:00+08:00,2026-04-28,37.388306,-5.98408,timelinePath,,,塞維亞一帶
2026-04-28T16:23:36+08:00,2026-04-28,37.3836076,-5.9883803,activity_end,IN_PASSENGER_VEHICLE,1991.89453125,塞維亞一帶
2026-04-28T16:24:00+08:00,2026-04-28,37.3836076,-5.9883803,timelinePath,,,塞維亞一帶
2026-04-28T16:30:00+08:00,2026-04-28,37.3836076,-5.9883803,timelinePath,,,塞維亞一帶
2026-04-28T16:30:21+08:00,2026-04-28,37.3836076,-5.9883803,activity_end,WALKING,166.51217651367188,塞維亞一帶
2026-04-28T16:34:00+08:00,2026-04-28,37.3853108,-5.9891915,timelinePath,,,塞維亞一帶
2026-04-28T17:05:00+08:00,2026-04-28,37.3850451,-5.9917439,timelinePath,,,塞維亞一帶
2026-04-28T18:08:00+08:00,2026-04-28,37.3868662,-5.9923825,timelinePath,,,塞維亞一帶
2026-04-28T18:11:00+08:00,2026-04-28,37.384372,-5.9951725,timelinePath,,,塞維亞一帶
2026-04-28T18:14:00+08:00,2026-04-28,37.3861728,-5.9923591,timelinePath,,,塞維亞一帶
2026-04-28T18:33:00+08:00,2026-04-28,37.3862749,-5.9932952,timelinePath,,,塞維亞一帶
2026-04-28T18:33:12+08:00,2026-04-28,37.3862749,-5.9932952,activity_start,WALKING,874.6611328125,塞維亞一帶
2026-04-28T18:40:00+08:00,2026-04-28,37.3881014,-5.9942687,timelinePath,,,塞維亞一帶
2026-04-28T18:46:00+08:00,2026-04-28,37.3850911,-5.9940147,timelinePath,,,塞維亞一帶
2026-04-28T18:55:00+08:00,2026-04-28,37.3869424,-5.9940594,timelinePath,,,塞維亞一帶
2026-04-28T18:57:43+08:00,2026-04-28,37.3859584,-5.9941124,activity_end,WALKING,874.6611328125,塞維亞一帶
2026-04-28T18:58:00+08:00,2026-04-28,37.3885486,-5.9947316,timelinePath,,,塞維亞一帶
2026-04-28T19:12:00+08:00,2026-04-28,37.3883604,-5.9959946,timelinePath,,,塞維亞一帶
2026-04-28T19:12:25+08:00,2026-04-28,37.3883604,-5.9959946,activity_start,WALKING,605.6901245117188,塞維亞一帶
2026-04-28T19:28:40+08:00,2026-04-28,37.3844242,-5.9978115,activity_end,WALKING,605.6901245117188,塞維亞一帶
2026-04-28T19:29:00+08:00,2026-04-28,37.3844242,-5.9978115,timelinePath,,,塞維亞一帶
2026-04-28T19:30:00+08:00,2026-04-28,37.3817481,-5.9954558,timelinePath,,,塞維亞一帶
2026-04-28T19:31:00+08:00,2026-04-28,37.3798081,-5.9976598,timelinePath,,,塞維亞一帶
2026-04-28T19:36:00+08:00,2026-04-28,37.3938051,-6.0036086,timelinePath,,,塞維亞一帶
2026-04-28T19:39:00+08:00,2026-04-28,37.4023515,-5.9964423,timelinePath,,,塞維亞一帶
2026-04-28T19:44:00+08:00,2026-04-28,37.4053362,-6.0004288,timelinePath,,,塞維亞一帶
2026-04-28T19:44:16+08:00,2026-04-28,37.4053362,-6.0004288,activity_end,IN_PASSENGER_VEHICLE,4159.42041015625,塞維亞一帶
2026-04-28T20:34:00+08:00,2026-04-28,37.4053203,-6.0005986,timelinePath,,,塞維亞一帶
2026-04-28T20:34:06+08:00,2026-04-28,37.4053203,-6.0005986,activity_start,IN_PASSENGER_VEHICLE,6255.740234375,塞維亞一帶
2026-04-28T20:36:00+08:00,2026-04-28,37.4061147,-6.0028901,timelinePath,,,塞維亞一帶
2026-04-28T20:37:00+08:00,2026-04-28,37.4065598,-6.0075891,timelinePath,,,塞維亞一帶
2026-04-28T20:41:00+08:00,2026-04-28,37.4216457,-6.0051335,timelinePath,,,塞維亞一帶
2026-04-28T20:46:00+08:00,2026-04-28,37.435232,-5.9759935,timelinePath,,,塞維亞一帶
2026-04-28T20:48:00+08:00,2026-04-28,37.4336361,-5.9667776,timelinePath,,,塞維亞一帶
2026-04-28T20:48:24+08:00,2026-04-28,37.4336361,-5.9667776,activity_end,IN_PASSENGER_VEHICLE,6255.740234375,塞維亞一帶
2026-04-28T21:15:00+08:00,2026-04-28,37.4337422,-5.9696681,timelinePath,,,塞維亞一帶
2026-04-28T21:17:48+08:00,2026-04-28,37.4335269,-5.968323,activity_start,IN_BUS,7851.716796875,塞維亞一帶
2026-04-28T21:18:00+08:00,2026-04-28,37.4335269,-5.968323,timelinePath,,,塞維亞一帶
2026-04-28T21:19:00+08:00,2026-04-28,37.4319579,-5.9694785,timelinePath,,,塞維亞一帶
2026-04-28T21:21:00+08:00,2026-04-28,37.4336888,-5.9662947,timelinePath,,,塞維亞一帶
2026-04-28T21:26:00+08:00,2026-04-28,37.4274748,-5.9643217,timelinePath,,,塞維亞一帶
2026-04-28T21:28:00+08:00,2026-04-28,37.4250388,-5.9614425,timelinePath,,,塞維亞一帶
2026-04-28T21:31:00+08:00,2026-04-28,37.4237651,-5.9482229,timelinePath,,,塞維亞一帶
2026-04-28T21:32:00+08:00,2026-04-28,37.4176876,-5.9449117,timelinePath,,,塞維亞一帶
2026-04-28T21:33:00+08:00,2026-04-28,37.4141528,-5.935986,timelinePath,,,塞維亞一帶
2026-04-28T21:39:33+08:00,2026-04-28,37.4223352,-5.9039626,activity_end,IN_BUS,7851.716796875,塞維亞一帶
2026-04-28T21:40:00+08:00,2026-04-28,37.4235346,-5.899855,timelinePath,,,塞維亞一帶
2026-04-28T23:47:00+08:00,2026-04-28,37.4211787,-5.8994979,timelinePath,,,塞維亞一帶
2026-04-28T23:48:39+08:00,2026-04-28,37.421163,-5.8993662,activity_start,FLYING,889627.375,塞維亞一帶
2026-04-28T23:49:00+08:00,2026-04-28,37.421163,-5.8993662,timelinePath,,,塞維亞一帶
2026-04-28T23:56:00+08:00,2026-04-28,37.4180521,-5.8744709,timelinePath,,,塞維亞一帶
2026-04-28T23:57:00+08:00,2026-04-28,37.4214132,-5.9310442,timelinePath,,,塞維亞一帶
2026-04-28T23:58:00+08:00,2026-04-28,37.4460145,-5.9624283,timelinePath,,,塞維亞一帶
2026-04-29T00:00:00+08:00,2026-04-29,37.438,-5.94,timelinePath_repaired,,,塞維亞一帶
2026-04-29T00:01:00+08:00,2026-04-29,37.4285,-5.9155,timelinePath_repaired,,,塞維亞一帶
2026-04-29T00:02:00+08:00,2026-04-29,37.4212,-5.8994,timelinePath_repaired,,,塞維亞一帶
2026-04-29T01:04:00+08:00,2026-04-29,41.4428206,2.041354,timelinePath,,,巴塞隆納 / 蒙塞拉特一帶
2026-04-29T01:07:00+08:00,2026-04-29,41.452912,2.3200754,timelinePath,,,巴塞隆納 / 蒙塞拉特一帶
2026-04-29T01:12:00+08:00,2026-04-29,41.3320017,2.1805013,timelinePath,,,巴塞隆納 / 蒙塞拉特一帶
2026-04-29T01:16:00+08:00,2026-04-29,41.293493,2.0788953,timelinePath,,,巴塞隆納 / 蒙塞拉特一帶
2026-04-29T01:17:00+08:00,2026-04-29,41.2919391,2.0791819,timelinePath,,,巴塞隆納 / 蒙塞拉特一帶
2026-04-29T01:17:10+08:00,2026-04-29,41.2919391,2.0791819,activity_end,FLYING,889627.375,巴塞隆納 / 蒙塞拉特一帶
2026-04-29T01:40:00+08:00,2026-04-29,41.2898191,2.075564,timelinePath,,,巴塞隆納 / 蒙塞拉特一帶
2026-04-29T01:48:00+08:00,2026-04-29,41.2881104,2.0742216,timelinePath,,,巴塞隆納 / 蒙塞拉特一帶
2026-04-29T02:20:00+08:00,2026-04-29,41.2893897,2.0717009,timelinePath,,,巴塞隆納 / 蒙塞拉特一帶
2026-04-29T02:20:04+08:00,2026-04-29,41.2893897,2.0717009,activity_start,IN_BUS,13619.607421875,巴塞隆納 / 蒙塞拉特一帶
2026-04-29T02:21:00+08:00,2026-04-29,41.2887172,2.0686934,timelinePath,,,巴塞隆納 / 蒙塞拉特一帶
2026-04-29T02:25:00+08:00,2026-04-29,41.3191077,2.0727447,timelinePath,,,巴塞隆納 / 蒙塞拉特一帶
2026-04-29T02:27:00+08:00,2026-04-29,41.3304828,2.0830647,timelinePath,,,巴塞隆納 / 蒙塞拉特一帶
2026-04-29T02:34:00+08:00,2026-04-29,41.365413,2.135193,timelinePath,,,巴塞隆納 / 蒙塞拉特一帶
2026-04-29T02:36:00+08:00,2026-04-29,41.3685094,2.1333429,timelinePath,,,巴塞隆納 / 蒙塞拉特一帶
2026-04-29T02:40:00+08:00,2026-04-29,41.3673524,2.1290393,timelinePath,,,巴塞隆納 / 蒙塞拉特一帶
2026-04-29T02:43:00+08:00,2026-04-29,41.3659665,2.1210328,timelinePath,,,巴塞隆納 / 蒙塞拉特一帶
2026-04-29T02:47:00+08:00,2026-04-29,41.3591009,2.1239469,timelinePath,,,巴塞隆納 / 蒙塞拉特一帶
2026-04-29T02:48:00+08:00,2026-04-29,41.3594831,2.1262956,timelinePath,,,巴塞隆納 / 蒙塞拉特一帶
2026-04-29T02:48:16+08:00,2026-04-29,41.3594831,2.1262956,activity_end,IN_BUS,13619.607421875,巴塞隆納 / 蒙塞拉特一帶
2026-04-29T03:00:00+08:00,2026-04-29,41.359537,2.1269192,timelinePath,,,巴塞隆納 / 蒙塞拉特一帶
2026-04-29T03:00:21+08:00,2026-04-29,41.359537,2.1269192,activity_start,IN_BUS,4021.80126953125,巴塞隆納 / 蒙塞拉特一帶
2026-04-29T03:08:00+08:00,2026-04-29,41.3699832,2.1423397,timelinePath,,,巴塞隆納 / 蒙塞拉特一帶
2026-04-29T03:10:00+08:00,2026-04-29,41.3771455,2.1514125,timelinePath,,,巴塞隆納 / 蒙塞拉特一帶
2026-04-29T03:13:00+08:00,2026-04-29,41.3812431,2.1484466,timelinePath,,,巴塞隆納 / 蒙塞拉特一帶
2026-04-29T03:14:00+08:00,2026-04-29,41.381539,2.145622,timelinePath,,,巴塞隆納 / 蒙塞拉特一帶
2026-04-29T03:17:44+08:00,2026-04-29,41.3787757,2.1422306,activity_end,IN_BUS,4021.80126953125,巴塞隆納 / 蒙塞拉特一帶
2026-04-29T03:18:00+08:00,2026-04-29,41.3787757,2.1422306,timelinePath,,,巴塞隆納 / 蒙塞拉特一帶
2026-04-29T03:55:00+08:00,2026-04-29,41.379718,2.1424517,timelinePath,,,巴塞隆納 / 蒙塞拉特一帶
2026-04-29T03:55:08+08:00,2026-04-29,41.3788293,2.1413333,activity_start,WALKING,417.07470703125,巴塞隆納 / 蒙塞拉特一帶
2026-04-29T04:00:00+08:00,2026-04-29,41.3773445,2.1418731,timelinePath,,,巴塞隆納 / 蒙塞拉特一帶
2026-04-29T04:05:56+08:00,2026-04-29,41.3757197,2.1435065,activity_end,WALKING,417.07470703125,巴塞隆納 / 蒙塞拉特一帶
2026-04-29T04:06:00+08:00,2026-04-29,41.3757197,2.1435065,timelinePath,,,巴塞隆納 / 蒙塞拉特一帶
2026-04-29T05:29:00+08:00,2026-04-29,41.3762637,2.1429077,timelinePath,,,巴塞隆納 / 蒙塞拉特一帶
2026-04-29T05:29:03+08:00,2026-04-29,41.3766027,2.1426002,activity_start,WALKING,567.384521484375,巴塞隆納 / 蒙塞拉特一帶
2026-04-29T05:39:00+08:00,2026-04-29,41.3797533,2.1423853,timelinePath,,,巴塞隆納 / 蒙塞拉特一帶
2026-04-29T15:27:38+08:00,2026-04-29,41.3797351,2.1423765,activity_start,WALKING,115.77088165283203,巴塞隆納 / 蒙塞拉特一帶
2026-04-29T15:28:00+08:00,2026-04-29,41.3797351,2.1423765,timelinePath,,,巴塞隆納 / 蒙塞拉特一帶
2026-04-29T15:34:00+08:00,2026-04-29,41.3798222,2.1409938,timelinePath,,,巴塞隆納 / 蒙塞拉特一帶
2026-04-29T15:34:23+08:00,2026-04-29,41.3798222,2.1409938,activity_end,WALKING,115.77088165283203,巴塞隆納 / 蒙塞拉特一帶
2026-04-29T15:36:00+08:00,2026-04-29,41.377923,2.1462908,timelinePath,,,巴塞隆納 / 蒙塞拉特一帶
2026-04-29T15:39:00+08:00,2026-04-29,41.3759625,2.1484752,timelinePath,,,巴塞隆納 / 蒙塞拉特一帶
2026-04-29T15:45:00+08:00,2026-04-29,41.3496076,2.1150019,timelinePath,,,巴塞隆納 / 蒙塞拉特一帶
2026-04-29T15:47:00+08:00,2026-04-29,41.3447726,2.0907535,timelinePath,,,巴塞隆納 / 蒙塞拉特一帶
2026-04-29T15:48:00+08:00,2026-04-29,41.3455642,2.0801634,timelinePath,,,巴塞隆納 / 蒙塞拉特一帶
2026-04-29T15:53:00+08:00,2026-04-29,41.378696,2.0191199,timelinePath,,,巴塞隆納 / 蒙塞拉特一帶
2026-04-29T15:57:00+08:00,2026-04-29,41.4359092,1.99319,timelinePath,,,巴塞隆納 / 蒙塞拉特一帶
2026-04-29T16:03:00+08:00,2026-04-29,41.5017973,1.9084638,timelinePath,,,巴塞隆納 / 蒙塞拉特一帶
2026-04-29T16:06:00+08:00,2026-04-29,41.5237168,1.9042188,timelinePath,,,巴塞隆納 / 蒙塞拉特一帶
2026-04-29T16:13:35+08:00,2026-04-29,41.5905077,1.8533249,activity_end,IN_PASSENGER_VEHICLE,41424.25,巴塞隆納 / 蒙塞拉特一帶
2026-04-29T16:14:00+08:00,2026-04-29,41.5905077,1.8533249,timelinePath,,,巴塞隆納 / 蒙塞拉特一帶
2026-04-29T16:19:00+08:00,2026-04-29,41.5910665,1.8521306,timelinePath,,,巴塞隆納 / 蒙塞拉特一帶
2026-04-29T16:19:27+08:00,2026-04-29,41.5908122,1.8510057,activity_end,WALKING,195.82225036621094,巴塞隆納 / 蒙塞拉特一帶
2026-04-29T16:26:30+08:00,2026-04-29,41.5908055,1.8530894,activity_start,IN_FERRY,1257.940673828125,巴塞隆納 / 蒙塞拉特一帶
2026-04-29T16:27:00+08:00,2026-04-29,41.5908055,1.8530894,timelinePath,,,巴塞隆納 / 蒙塞拉特一帶
2026-04-29T16:28:00+08:00,2026-04-29,41.5925009,1.8485295,timelinePath,,,巴塞隆納 / 蒙塞拉特一帶
2026-04-29T16:30:42+08:00,2026-04-29,41.5929273,1.8385115,activity_end,IN_FERRY,1257.940673828125,巴塞隆納 / 蒙塞拉特一帶
2026-04-29T16:31:00+08:00,2026-04-29,41.5929273,1.8385115,timelinePath,,,巴塞隆納 / 蒙塞拉特一帶
2026-04-29T16:48:00+08:00,2026-04-29,41.5924935,1.8358099,timelinePath,,,巴塞隆納 / 蒙塞拉特一帶
2026-04-29T17:05:11+08:00,2026-04-29,41.5919359,1.837189,activity_start,WALKING,2369.21875,巴塞隆納 / 蒙塞拉特一帶
2026-04-29T17:09:00+08:00,2026-04-29,41.5910461,1.8377762,timelinePath,,,巴塞隆納 / 蒙塞拉特一帶
2026-04-29T17:10:00+08:00,2026-04-29,41.5932416,1.8383864,timelinePath,,,巴塞隆納 / 蒙塞拉特一帶
2026-04-29T17:11:00+08:00,2026-04-29,41.5905516,1.8387769,timelinePath,,,巴塞隆納 / 蒙塞拉特一帶
2026-04-29T17:17:00+08:00,2026-04-29,41.5883137,1.8391688,timelinePath,,,巴塞隆納 / 蒙塞拉特一帶
2026-04-29T17:23:00+08:00,2026-04-29,41.5936294,1.8378661,timelinePath,,,巴塞隆納 / 蒙塞拉特一帶
2026-04-29T17:25:00+08:00,2026-04-29,41.5879503,1.841568,timelinePath,,,巴塞隆納 / 蒙塞拉特一帶
2026-04-29T17:31:00+08:00,2026-04-29,41.5929601,1.837323,timelinePath,,,巴塞隆納 / 蒙塞拉特一帶
2026-04-29T17:33:00+08:00,2026-04-29,41.5886935,1.8422354,timelinePath,,,巴塞隆納 / 蒙塞拉特一帶
2026-04-29T17:42:00+08:00,2026-04-29,41.5873339,1.8405166,timelinePath,,,巴塞隆納 / 蒙塞拉特一帶
2026-04-29T17:55:00+08:00,2026-04-29,41.5920952,1.8363464,timelinePath,,,巴塞隆納 / 蒙塞拉特一帶
2026-04-29T17:55:12+08:00,2026-04-29,41.5920952,1.8363464,activity_end,WALKING,2369.21875,巴塞隆納 / 蒙塞拉特一帶
2026-04-29T17:57:00+08:00,2026-04-29,41.5921073,1.8354843,timelinePath,,,巴塞隆納 / 蒙塞拉特一帶
2026-04-29T18:27:00+08:00,2026-04-29,41.5932465,1.8380816,timelinePath,,,巴塞隆納 / 蒙塞拉特一帶
2026-04-29T18:47:00+08:00,2026-04-29,41.5943055,1.8407367,timelinePath,,,巴塞隆納 / 蒙塞拉特一帶
2026-04-29T19:55:00+08:00,2026-04-29,41.593728,1.8393616,timelinePath,,,巴塞隆納 / 蒙塞拉特一帶
2026-04-29T19:55:17+08:00,2026-04-29,41.593728,1.8393616,activity_start,WALKING,977.884765625,巴塞隆納 / 蒙塞拉特一帶
2026-04-29T20:00:00+08:00,2026-04-29,41.5927919,1.83675,timelinePath,,,巴塞隆納 / 蒙塞拉特一帶
2026-04-29T20:55:32+08:00,2026-04-29,41.5923311,1.8364089,activity_end,WALKING,977.884765625,巴塞隆納 / 蒙塞拉特一帶
2026-04-29T20:56:00+08:00,2026-04-29,41.5923311,1.8364089,timelinePath,,,巴塞隆納 / 蒙塞拉特一帶
2026-04-29T20:56:00+08:00,2026-04-29,41.5935512,1.8396788,timelinePath,,,巴塞隆納 / 蒙塞拉特一帶
2026-04-29T20:57:00+08:00,2026-04-29,41.5968675,1.8399905,timelinePath,,,巴塞隆納 / 蒙塞拉特一帶
2026-04-29T20:59:00+08:00,2026-04-29,41.6000055,1.836554,timelinePath,,,巴塞隆納 / 蒙塞拉特一帶
2026-04-29T20:59:00+08:00,2026-04-29,41.6021252,1.8363835,timelinePath,,,巴塞隆納 / 蒙塞拉特一帶
2026-04-29T21:01:00+08:00,2026-04-29,41.6050583,1.8323702,timelinePath,,,巴塞隆納 / 蒙塞拉特一帶
2026-04-29T21:02:00+08:00,2026-04-29,41.6056876,1.829672,timelinePath,,,巴塞隆納 / 蒙塞拉特一帶
2026-04-29T21:03:00+08:00,2026-04-29,41.6087985,1.8298737,timelinePath,,,巴塞隆納 / 蒙塞拉特一帶
2026-04-29T21:06:00+08:00,2026-04-29,41.6127913,1.8404818,timelinePath,,,巴塞隆納 / 蒙塞拉特一帶
2026-04-29T21:07:00+08:00,2026-04-29,41.6152398,1.8424686,timelinePath,,,巴塞隆納 / 蒙塞拉特一帶
2026-04-29T21:07:11+08:00,2026-04-29,41.6152398,1.8424686,activity_end,IN_TRAIN,3798.318359375,巴塞隆納 / 蒙塞拉特一帶
2026-04-29T21:17:39+08:00,2026-04-29,41.6149892,1.8428679,activity_start,IN_BUS,48262.2265625,巴塞隆納 / 蒙塞拉特一帶
2026-04-29T21:18:00+08:00,2026-04-29,41.6149892,1.8428679,timelinePath,,,巴塞隆納 / 蒙塞拉特一帶
2026-04-29T21:23:00+08:00,2026-04-29,41.6217957,1.8658284,timelinePath,,,巴塞隆納 / 蒙塞拉特一帶
2026-04-29T21:28:00+08:00,2026-04-29,41.5929061,1.9164885,timelinePath,,,巴塞隆納 / 蒙塞拉特一帶
2026-04-29T21:36:00+08:00,2026-04-29,41.5503834,2.0136986,timelinePath,,,巴塞隆納 / 蒙塞拉特一帶
2026-04-29T21:42:00+08:00,2026-04-29,41.5131996,2.1031484,timelinePath,,,巴塞隆納 / 蒙塞拉特一帶
2026-04-29T21:48:00+08:00,2026-04-29,41.5331395,2.17281,timelinePath,,,巴塞隆納 / 蒙塞拉特一帶
2026-04-29T21:50:00+08:00,2026-04-29,41.5472804,2.1980053,timelinePath,,,巴塞隆納 / 蒙塞拉特一帶
2026-04-29T21:52:00+08:00,2026-04-29,41.5495885,2.2311229,timelinePath,,,巴塞隆納 / 蒙塞拉特一帶
2026-04-29T21:58:00+08:00,2026-04-29,41.5955469,2.3318694,timelinePath,,,巴塞隆納 / 蒙塞拉特一帶
2026-04-29T22:02:35+08:00,2026-04-29,41.6076099,2.3420066,activity_end,IN_BUS,48262.2265625,巴塞隆納 / 蒙塞拉特一帶
2026-04-29T22:03:00+08:00,2026-04-29,41.6072667,2.3410423,timelinePath,,,巴塞隆納 / 蒙塞拉特一帶
2026-04-29T22:37:00+08:00,2026-04-29,41.6088922,2.3422429,timelinePath,,,巴塞隆納 / 蒙塞拉特一帶
2026-04-29T23:03:00+08:00,2026-04-29,41.6108787,2.3441033,timelinePath,,,巴塞隆納 / 蒙塞拉特一帶
2026-04-29T23:30:00+08:00,2026-04-29,41.6125594,2.3449867,timelinePath,,,巴塞隆納 / 蒙塞拉特一帶
2026-04-30T00:29:00+08:00,2026-04-30,41.610172,2.3431633,timelinePath,,,巴塞隆納 / 蒙塞拉特一帶
2026-04-30T00:36:00+08:00,2026-04-30,41.6082183,2.3418734,timelinePath,,,巴塞隆納 / 蒙塞拉特一帶
2026-04-30T00:44:00+08:00,2026-04-30,41.607111,2.3409714,timelinePath,,,巴塞隆納 / 蒙塞拉特一帶
2026-04-30T00:44:29+08:00,2026-04-30,41.6072298,2.3414316,activity_start,IN_PASSENGER_VEHICLE,38441.19140625,巴塞隆納 / 蒙塞拉特一帶
2026-04-30T00:46:00+08:00,2026-04-30,41.6094222,2.3440814,timelinePath,,,巴塞隆納 / 蒙塞拉特一帶
2026-04-30T00:51:00+08:00,2026-04-30,41.5940739,2.3415806,timelinePath,,,巴塞隆納 / 蒙塞拉特一帶
2026-04-30T00:58:00+08:00,2026-04-30,41.5676621,2.3957047,timelinePath,,,巴塞隆納 / 蒙塞拉特一帶
2026-04-30T01:04:00+08:00,2026-04-30,41.5387108,2.416567,timelinePath,,,巴塞隆納 / 蒙塞拉特一帶
2026-04-30T01:15:00+08:00,2026-04-30,41.4591911,2.2532323,timelinePath,,,巴塞隆納 / 蒙塞拉特一帶
2026-04-30T01:15:00+08:00,2026-04-30,41.454657,2.2449014,timelinePath,,,巴塞隆納 / 蒙塞拉特一帶
2026-04-30T01:21:00+08:00,2026-04-30,41.4137,2.2238705,timelinePath,,,巴塞隆納 / 蒙塞拉特一帶
2026-04-30T01:23:00+08:00,2026-04-30,41.4120097,2.2222235,timelinePath,,,巴塞隆納 / 蒙塞拉特一帶
2026-04-30T01:26:00+08:00,2026-04-30,41.409666,2.2208183,timelinePath,,,巴塞隆納 / 蒙塞拉特一帶
2026-04-30T01:32:00+08:00,2026-04-30,41.4039105,2.2152513,timelinePath,,,巴塞隆納 / 蒙塞拉特一帶
2026-04-30T01:35:00+08:00,2026-04-30,41.3829759,2.1874909,timelinePath,,,巴塞隆納 / 蒙塞拉特一帶
2026-04-30T01:37:00+08:00,2026-04-30,41.3808755,2.1864764,timelinePath,,,巴塞隆納 / 蒙塞拉特一帶
2026-04-30T01:38:30+08:00,2026-04-30,41.3791094,2.1876441,activity_end,IN_PASSENGER_VEHICLE,38441.19140625,巴塞隆納 / 蒙塞拉特一帶
2026-04-30T01:39:00+08:00,2026-04-30,41.3791094,2.1876441,timelinePath,,,巴塞隆納 / 蒙塞拉特一帶
2026-04-30T04:15:39+08:00,2026-04-30,41.378731,2.1879511,activity_start,IN_PASSENGER_VEHICLE,4681.56201171875,巴塞隆納 / 蒙塞拉特一帶
2026-04-30T04:16:00+08:00,2026-04-30,41.378731,2.1879511,timelinePath,,,巴塞隆納 / 蒙塞拉特一帶
2026-04-30T04:18:00+08:00,2026-04-30,41.3808785,2.1871878,timelinePath,,,巴塞隆納 / 蒙塞拉特一帶
2026-04-30T04:19:00+08:00,2026-04-30,41.3829913,2.1835095,timelinePath,,,巴塞隆納 / 蒙塞拉特一帶
2026-04-30T04:22:00+08:00,2026-04-30,41.3745312,2.1765491,timelinePath,,,巴塞隆納 / 蒙塞拉特一帶
2026-04-30T04:26:00+08:00,2026-04-30,41.3750712,2.163844,timelinePath,,,巴塞隆納 / 蒙塞拉特一帶
2026-04-30T04:32:00+08:00,2026-04-30,41.3751186,2.1505467,timelinePath,,,巴塞隆納 / 蒙塞拉特一帶
2026-04-30T04:36:00+08:00,2026-04-30,41.3794992,2.1437607,timelinePath,,,巴塞隆納 / 蒙塞拉特一帶
2026-04-30T04:36:28+08:00,2026-04-30,41.3794992,2.1437607,activity_end,IN_PASSENGER_VEHICLE,4681.56201171875,巴塞隆納 / 蒙塞拉特一帶
2026-04-30T04:38:00+08:00,2026-04-30,41.378981,2.1420213,timelinePath,,,巴塞隆納 / 蒙塞拉特一帶
2026-04-30T04:39:00+08:00,2026-04-30,41.3798407,2.1424332,timelinePath,,,巴塞隆納 / 蒙塞拉特一帶
2026-04-30T04:41:00+08:00,2026-04-30,41.3797064,2.1424103,timelinePath,,,巴塞隆納 / 蒙塞拉特一帶
2026-04-30T15:09:00+08:00,2026-04-30,41.379907,2.1425254,timelinePath,,,巴塞隆納 / 蒙塞拉特一帶
2026-04-30T15:09:19+08:00,2026-04-30,41.3799578,2.1435272,activity_start,IN_PASSENGER_VEHICLE,4330.47998046875,巴塞隆納 / 蒙塞拉特一帶
2026-04-30T15:11:00+08:00,2026-04-30,41.3789817,2.144829,timelinePath,,,巴塞隆納 / 蒙塞拉特一帶
2026-04-30T15:15:00+08:00,2026-04-30,41.3798291,2.1554174,timelinePath,,,巴塞隆納 / 蒙塞拉特一帶
2026-04-30T15:21:00+08:00,2026-04-30,41.390684,2.1693802,timelinePath,,,巴塞隆納 / 蒙塞拉特一帶
2026-04-30T15:23:00+08:00,2026-04-30,41.3972599,2.178379,timelinePath,,,巴塞隆納 / 蒙塞拉特一帶
2026-04-30T15:27:00+08:00,2026-04-30,41.4007716,2.1789632,timelinePath,,,巴塞隆納 / 蒙塞拉特一帶
2026-04-30T15:27:40+08:00,2026-04-30,41.4017328,2.1804688,activity_end,IN_PASSENGER_VEHICLE,4330.47998046875,巴塞隆納 / 蒙塞拉特一帶
2026-04-30T15:28:00+08:00,2026-04-30,41.4017328,2.1804688,timelinePath,,,巴塞隆納 / 蒙塞拉特一帶
2026-04-30T15:34:00+08:00,2026-04-30,41.4014777,2.1780273,timelinePath,,,巴塞隆納 / 蒙塞拉特一帶
2026-04-30T15:36:00+08:00,2026-04-30,41.40278,2.1764517,timelinePath,,,巴塞隆納 / 蒙塞拉特一帶
2026-04-30T15:36:25+08:00,2026-04-30,41.40278,2.1764517,activity_end,WALKING,455.19586181640625,巴塞隆納 / 蒙塞拉特一帶
2026-04-30T16:04:00+08:00,2026-04-30,41.4041848,2.1744406,timelinePath,,,巴塞隆納 / 蒙塞拉特一帶
2026-04-30T19:40:43+08:00,2026-04-30,41.4031073,2.1762874,activity_start,WALKING,791.2622680664062,巴塞隆納 / 蒙塞拉特一帶
2026-04-30T19:41:00+08:00,2026-04-30,41.4031073,2.1762874,timelinePath,,,巴塞隆納 / 蒙塞拉特一帶
2026-04-30T19:48:00+08:00,2026-04-30,41.4029492,2.1790474,timelinePath,,,巴塞隆納 / 蒙塞拉特一帶
2026-04-30T19:51:00+08:00,2026-04-30,41.4011294,2.1789188,timelinePath,,,巴塞隆納 / 蒙塞拉特一帶
2026-04-30T19:58:45+08:00,2026-04-30,41.3999279,2.180086,activity_end,WALKING,791.2622680664062,巴塞隆納 / 蒙塞拉特一帶
2026-04-30T19:58:45+08:00,2026-04-30,41.4005181,2.1791165,activity_start,IN_BUS,2320.61865234375,巴塞隆納 / 蒙塞拉特一帶
2026-04-30T19:59:00+08:00,2026-04-30,41.3999279,2.180086,timelinePath,,,巴塞隆納 / 蒙塞拉特一帶
2026-04-30T20:02:00+08:00,2026-04-30,41.3986077,2.1735098,timelinePath,,,巴塞隆納 / 蒙塞拉特一帶
2026-04-30T20:07:00+08:00,2026-04-30,41.3895326,2.1623632,timelinePath,,,巴塞隆納 / 蒙塞拉特一帶
2026-04-30T20:09:47+08:00,2026-04-30,41.3867191,2.1659336,activity_end,IN_BUS,2320.61865234375,巴塞隆納 / 蒙塞拉特一帶
2026-04-30T20:10:00+08:00,2026-04-30,41.3867191,2.1659336,timelinePath,,,巴塞隆納 / 蒙塞拉特一帶
2026-04-30T20:13:56+08:00,2026-04-30,41.3875507,2.1686274,activity_end,WALKING,251.32693481445312,巴塞隆納 / 蒙塞拉特一帶
2026-04-30T20:14:00+08:00,2026-04-30,41.3875507,2.1686274,timelinePath,,,巴塞隆納 / 蒙塞拉特一帶
2026-04-30T20:22:00+08:00,2026-04-30,41.3879279,2.171169,timelinePath,,,巴塞隆納 / 蒙塞拉特一帶
2026-04-30T21:55:00+08:00,2026-04-30,41.3879932,2.1695797,timelinePath,,,巴塞隆納 / 蒙塞拉特一帶
2026-04-30T21:55:28+08:00,2026-04-30,41.3879932,2.1695797,activity_start,WALKING,436.69610595703125,巴塞隆納 / 蒙塞拉特一帶
2026-04-30T22:04:00+08:00,2026-04-30,41.3866431,2.1659541,timelinePath,,,巴塞隆納 / 蒙塞拉特一帶
2026-04-30T22:06:00+08:00,2026-04-30,41.3864881,2.1664479,timelinePath,,,巴塞隆納 / 蒙塞拉特一帶
2026-04-30T22:06:20+08:00,2026-04-30,41.3864881,2.1664479,activity_end,WALKING,436.69610595703125,巴塞隆納 / 蒙塞拉特一帶
2026-04-30T22:07:00+08:00,2026-04-30,41.3856072,2.169127,timelinePath,,,巴塞隆納 / 蒙塞拉特一帶
2026-04-30T22:08:00+08:00,2026-04-30,41.3867641,2.170975,timelinePath,,,巴塞隆納 / 蒙塞拉特一帶
2026-04-30T22:10:00+08:00,2026-04-30,41.3889017,2.1690142,timelinePath,,,巴塞隆納 / 蒙塞拉特一帶
2026-04-30T22:12:00+08:00,2026-04-30,41.3920889,2.170122,timelinePath,,,巴塞隆納 / 蒙塞拉特一帶
2026-04-30T22:14:00+08:00,2026-04-30,41.3954673,2.1671721,timelinePath,,,巴塞隆納 / 蒙塞拉特一帶
2026-04-30T22:17:00+08:00,2026-04-30,41.3989523,2.1702486,timelinePath,,,巴塞隆納 / 蒙塞拉特一帶
2026-04-30T22:23:00+08:00,2026-04-30,41.4049566,2.163429,timelinePath,,,巴塞隆納 / 蒙塞拉特一帶
2026-04-30T22:25:00+08:00,2026-04-30,41.4112274,2.164662,timelinePath,,,巴塞隆納 / 蒙塞拉特一帶
2026-04-30T22:27:00+08:00,2026-04-30,41.4141607,2.1623296,timelinePath,,,巴塞隆納 / 蒙塞拉特一帶
2026-04-30T22:29:00+08:00,2026-04-30,41.4151222,2.1585032,timelinePath,,,巴塞隆納 / 蒙塞拉特一帶
2026-04-30T22:31:00+08:00,2026-04-30,41.4153832,2.1559915,timelinePath,,,巴塞隆納 / 蒙塞拉特一帶
2026-04-30T22:31:17+08:00,2026-04-30,41.4153832,2.1559915,activity_end,IN_BUS,4629.25146484375,巴塞隆納 / 蒙塞拉特一帶
2026-04-30T22:45:00+08:00,2026-04-30,41.4143154,2.1528451,timelinePath,,,巴塞隆納 / 蒙塞拉特一帶
2026-04-30T23:38:00+08:00,2026-04-30,41.41393,2.1527437,timelinePath,,,巴塞隆納 / 蒙塞拉特一帶
2026-04-30T23:38:08+08:00,2026-04-30,41.41393,2.1527437,activity_start,WALKING,582.546630859375,巴塞隆納 / 蒙塞拉特一帶
2026-04-30T23:46:00+08:00,2026-04-30,41.4156491,2.155937,timelinePath,,,巴塞隆納 / 蒙塞拉特一帶
2026-04-30T23:55:00+08:00,2026-04-30,41.4148466,2.1587634,timelinePath,,,巴塞隆納 / 蒙塞拉特一帶
2026-04-30T23:55:05+08:00,2026-04-30,41.4148466,2.1587634,activity_end,WALKING,582.546630859375,巴塞隆納 / 蒙塞拉特一帶
2026-04-30T23:56:00+08:00,2026-04-30,41.4140983,2.1610103,timelinePath,,,巴塞隆納 / 蒙塞拉特一帶
2026-05-01T00:01:00+08:00,2026-05-01,41.406882,2.1685917,timelinePath,,,巴塞隆納 / 蒙塞拉特一帶
2026-05-01T00:03:00+08:00,2026-05-01,41.4032956,2.1641783,timelinePath,,,巴塞隆納 / 蒙塞拉特一帶
2026-05-01T00:03:00+08:00,2026-05-01,41.4016882,2.1661628,timelinePath,,,巴塞隆納 / 蒙塞拉特一帶
2026-05-01T00:06:00+08:00,2026-05-01,41.3976709,2.1609411,timelinePath,,,巴塞隆納 / 蒙塞拉特一帶
2026-05-01T00:07:00+08:00,2026-05-01,41.3960986,2.1626706,timelinePath,,,巴塞隆納 / 蒙塞拉特一帶
2026-05-01T00:10:00+08:00,2026-05-01,41.3911134,2.1566987,timelinePath,,,巴塞隆納 / 蒙塞拉特一帶
2026-05-01T00:10:28+08:00,2026-05-01,41.3911134,2.1566987,activity_end,IN_BUS,3642.738525390625,巴塞隆納 / 蒙塞拉特一帶
2026-05-01T01:49:30+08:00,2026-05-01,41.3914969,2.1552899,activity_start,IN_PASSENGER_VEHICLE,2955.978515625,巴塞隆納 / 蒙塞拉特一帶
2026-05-01T01:50:00+08:00,2026-05-01,41.3914969,2.1552899,timelinePath,,,巴塞隆納 / 蒙塞拉特一帶
2026-05-01T01:53:00+08:00,2026-05-01,41.3904384,2.1580091,timelinePath,,,巴塞隆納 / 蒙塞拉特一帶
2026-05-01T01:58:00+08:00,2026-05-01,41.3812785,2.1447219,timelinePath,,,巴塞隆納 / 蒙塞拉特一帶
2026-05-01T02:03:00+08:00,2026-05-01,41.3781334,2.1402457,timelinePath,,,巴塞隆納 / 蒙塞拉特一帶
2026-05-01T02:07:55+08:00,2026-05-01,41.3789213,2.1416082,activity_end,IN_PASSENGER_VEHICLE,2955.978515625,巴塞隆納 / 蒙塞拉特一帶
2026-05-01T02:10:00+08:00,2026-05-01,41.3798849,2.1411538,timelinePath,,,巴塞隆納 / 蒙塞拉特一帶
2026-05-01T03:10:00+08:00,2026-05-01,41.37935,2.143507,timelinePath,,,巴塞隆納 / 蒙塞拉特一帶
2026-05-01T03:10:16+08:00,2026-05-01,41.3764298,2.1486223,activity_start,WALKING,591.8726196289062,巴塞隆納 / 蒙塞拉特一帶
2026-05-01T03:15:00+08:00,2026-05-01,41.3763706,2.147562,timelinePath,,,巴塞隆納 / 蒙塞拉特一帶
2026-05-01T03:23:00+08:00,2026-05-01,41.3765336,2.1500508,timelinePath,,,巴塞隆納 / 蒙塞拉特一帶
2026-05-01T03:40:00+08:00,2026-05-01,41.3797753,2.1415907,timelinePath,,,巴塞隆納 / 蒙塞拉特一帶
2026-05-01T03:42:00+08:00,2026-05-01,41.3772026,2.1466425,timelinePath,,,巴塞隆納 / 蒙塞拉特一帶
2026-05-01T03:51:00+08:00,2026-05-01,41.3787326,2.1453432,timelinePath,,,巴塞隆納 / 蒙塞拉特一帶
2026-05-01T04:07:00+08:00,2026-05-01,41.3781389,2.1429862,timelinePath,,,巴塞隆納 / 蒙塞拉特一帶
2026-05-01T04:12:56+08:00,2026-05-01,41.376412,2.1491661,activity_end,WALKING,591.8726196289062,巴塞隆納 / 蒙塞拉特一帶
2026-05-01T04:13:00+08:00,2026-05-01,41.3796767,2.1425369,timelinePath,,,巴塞隆納 / 蒙塞拉特一帶
2026-05-01T04:15:00+08:00,2026-05-01,41.3796555,2.1425055,timelinePath,,,巴塞隆納 / 蒙塞拉特一帶
2026-05-01T04:17:00+08:00,2026-05-01,41.3796416,2.1425207,timelinePath,,,巴塞隆納 / 蒙塞拉特一帶
2026-05-01T04:19:00+08:00,2026-05-01,41.3797255,2.1424702,timelinePath,,,巴塞隆納 / 蒙塞拉特一帶
2026-05-01T04:24:00+08:00,2026-05-01,41.3797545,2.1425397,timelinePath,,,巴塞隆納 / 蒙塞拉特一帶
2026-05-01T04:26:00+08:00,2026-05-01,41.3796828,2.1425241,timelinePath,,,巴塞隆納 / 蒙塞拉特一帶
2026-05-01T15:23:53+08:00,2026-05-01,41.3796679,2.1425574,activity_start,WALKING,1323.038330078125,巴塞隆納 / 蒙塞拉特一帶
2026-05-01T15:24:00+08:00,2026-05-01,41.3796679,2.1425574,timelinePath,,,巴塞隆納 / 蒙塞拉特一帶
2026-05-01T15:28:00+08:00,2026-05-01,41.3783603,2.1450815,timelinePath,,,巴塞隆納 / 蒙塞拉特一帶
2026-05-01T15:32:00+08:00,2026-05-01,41.3768398,2.1463777,timelinePath,,,巴塞隆納 / 蒙塞拉特一帶
2026-05-01T15:37:00+08:00,2026-05-01,41.3789213,2.143607,timelinePath,,,巴塞隆納 / 蒙塞拉特一帶
2026-05-01T15:37:53+08:00,2026-05-01,41.3793543,2.1434562,activity_end,WALKING,1323.038330078125,巴塞隆納 / 蒙塞拉特一帶
2026-05-01T15:38:00+08:00,2026-05-01,41.3793543,2.1434562,timelinePath,,,巴塞隆納 / 蒙塞拉特一帶
2026-05-01T16:01:00+08:00,2026-05-01,41.3805872,2.1412125,timelinePath,,,巴塞隆納 / 蒙塞拉特一帶
2026-05-01T16:08:57+08:00,2026-05-01,41.3798979,2.1418877,activity_start,IN_BUS,3530.88037109375,巴塞隆納 / 蒙塞拉特一帶
2026-05-01T16:09:00+08:00,2026-05-01,41.3798979,2.1418877,timelinePath,,,巴塞隆納 / 蒙塞拉特一帶
2026-05-01T16:14:00+08:00,2026-05-01,41.3827925,2.1489026,timelinePath,,,巴塞隆納 / 蒙塞拉特一帶
2026-05-01T16:18:00+08:00,2026-05-01,41.3886328,2.1578794,timelinePath,,,巴塞隆納 / 蒙塞拉特一帶
2026-05-01T16:21:00+08:00,2026-05-01,41.3943647,2.1515433,timelinePath,,,巴塞隆納 / 蒙塞拉特一帶
2026-05-01T16:24:00+08:00,2026-05-01,41.3968623,2.1611389,timelinePath,,,巴塞隆納 / 蒙塞拉特一帶
2026-05-01T16:25:00+08:00,2026-05-01,41.3973132,2.1627801,timelinePath,,,巴塞隆納 / 蒙塞拉特一帶
2026-05-01T16:25:18+08:00,2026-05-01,41.3973132,2.1627801,activity_end,IN_BUS,3530.88037109375,巴塞隆納 / 蒙塞拉特一帶
2026-05-01T16:25:18+08:00,2026-05-01,41.392725,2.1647463,activity_start,WALKING,1004.43994140625,巴塞隆納 / 蒙塞拉特一帶
2026-05-01T16:34:00+08:00,2026-05-01,41.395347,2.1637424,timelinePath,,,巴塞隆納 / 蒙塞拉特一帶
2026-05-01T16:39:00+08:00,2026-05-01,41.3933412,2.1642757,timelinePath,,,巴塞隆納 / 蒙塞拉特一帶
2026-05-01T16:48:00+08:00,2026-05-01,41.3916264,2.1651999,timelinePath,,,巴塞隆納 / 蒙塞拉特一帶
2026-05-01T17:09:00+08:00,2026-05-01,41.3939043,2.1631394,timelinePath,,,巴塞隆納 / 蒙塞拉特一帶
2026-05-01T17:43:00+08:00,2026-05-01,41.3963584,2.1635905,timelinePath,,,巴塞隆納 / 蒙塞拉特一帶
2026-05-01T17:50:00+08:00,2026-05-01,41.3980281,2.1643451,timelinePath,,,巴塞隆納 / 蒙塞拉特一帶
2026-05-01T17:50:18+08:00,2026-05-01,41.3944821,2.1624198,activity_end,WALKING,1004.43994140625,巴塞隆納 / 蒙塞拉特一帶
2026-05-01T17:50:18+08:00,2026-05-01,41.3980281,2.1643451,activity_start,IN_PASSENGER_VEHICLE,17158.595703125,巴塞隆納 / 蒙塞拉特一帶
2026-05-01T17:51:00+08:00,2026-05-01,41.3953821,2.1680727,timelinePath,,,巴塞隆納 / 蒙塞拉特一帶
2026-05-01T17:58:00+08:00,2026-05-01,41.384071,2.1540698,timelinePath,,,巴塞隆納 / 蒙塞拉特一帶
2026-05-01T18:00:00+08:00,2026-05-01,41.378737,2.1470296,timelinePath,,,巴塞隆納 / 蒙塞拉特一帶
2026-05-01T18:03:00+08:00,2026-05-01,41.3767674,2.1472021,timelinePath,,,巴塞隆納 / 蒙塞拉特一帶
2026-05-01T18:05:00+08:00,2026-05-01,41.3747971,2.1482473,timelinePath,,,巴塞隆納 / 蒙塞拉特一帶
2026-05-01T18:11:00+08:00,2026-05-01,41.3390218,2.1008395,timelinePath,,,巴塞隆納 / 蒙塞拉特一帶
2026-05-01T18:13:00+08:00,2026-05-01,41.3305268,2.0828345,timelinePath,,,巴塞隆納 / 蒙塞拉特一帶
2026-05-01T18:15:00+08:00,2026-05-01,41.3074174,2.0640354,timelinePath,,,巴塞隆納 / 蒙塞拉特一帶
2026-05-01T18:16:00+08:00,2026-05-01,41.303982,2.0576907,timelinePath,,,巴塞隆納 / 蒙塞拉特一帶
2026-05-01T18:18:00+08:00,2026-05-01,41.2863904,2.0688215,timelinePath,,,巴塞隆納 / 蒙塞拉特一帶
2026-05-01T18:20:00+08:00,2026-05-01,41.2879596,2.0722153,timelinePath,,,巴塞隆納 / 蒙塞拉特一帶
2026-05-01T18:20:11+08:00,2026-05-01,41.2879596,2.0722153,activity_end,IN_PASSENGER_VEHICLE,17158.595703125,巴塞隆納 / 蒙塞拉特一帶
2026-05-01T18:24:00+08:00,2026-05-01,41.2890794,2.0728011,timelinePath,,,巴塞隆納 / 蒙塞拉特一帶
2026-05-01T18:24:11+08:00,2026-05-01,41.2890794,2.0728011,activity_end,WALKING,133.79039001464844,巴塞隆納 / 蒙塞拉特一帶
2026-05-01T18:25:00+08:00,2026-05-01,41.288769,2.0740172,timelinePath,,,巴塞隆納 / 蒙塞拉特一帶
2026-05-01T18:46:00+08:00,2026-05-01,41.2896368,2.0729298,timelinePath,,,巴塞隆納 / 蒙塞拉特一帶
2026-05-01T18:52:00+08:00,2026-05-01,41.2895911,2.0730182,timelinePath,,,巴塞隆納 / 蒙塞拉特一帶
2026-05-01T18:56:00+08:00,2026-05-01,41.2895911,2.0730182,timelinePath,,,巴塞隆納 / 蒙塞拉特一帶
2026-05-01T19:00:00+08:00,2026-05-01,41.2895622,2.0731966,timelinePath,,,巴塞隆納 / 蒙塞拉特一帶
2026-05-01T19:04:00+08:00,2026-05-01,41.289567,2.0734171,timelinePath,,,巴塞隆納 / 蒙塞拉特一帶
2026-05-01T19:06:00+08:00,2026-05-01,41.2895712,2.0731981,timelinePath,,,巴塞隆納 / 蒙塞拉特一帶
2026-05-01T19:11:00+08:00,2026-05-01,41.2890794,2.0728011,timelinePath,,,巴塞隆納 / 蒙塞拉特一帶
2026-05-01T19:26:00+08:00,2026-05-01,41.2904814,2.0741324,timelinePath,,,巴塞隆納 / 蒙塞拉特一帶
2026-05-01T19:28:00+08:00,2026-05-01,41.2905802,2.0740884,timelinePath,,,巴塞隆納 / 蒙塞拉特一帶
2026-05-01T19:29:00+08:00,2026-05-01,41.2905709,2.0740714,timelinePath,,,巴塞隆納 / 蒙塞拉特一帶
2026-05-01T19:30:00+08:00,2026-05-01,41.2905761,2.0740674,timelinePath,,,巴塞隆納 / 蒙塞拉特一帶
2026-05-01T19:32:00+08:00,2026-05-01,41.2905697,2.0740532,timelinePath,,,巴塞隆納 / 蒙塞拉特一帶
2026-05-01T19:36:00+08:00,2026-05-01,41.2903508,2.0743743,timelinePath,,,巴塞隆納 / 蒙塞拉特一帶
2026-05-01T19:37:00+08:00,2026-05-01,41.290372,2.0744552,timelinePath,,,巴塞隆納 / 蒙塞拉特一帶
2026-05-01T19:40:00+08:00,2026-05-01,41.2903448,2.0744889,timelinePath,,,巴塞隆納 / 蒙塞拉特一帶
2026-05-01T19:48:00+08:00,2026-05-01,41.2885663,2.0752783,timelinePath,,,巴塞隆納 / 蒙塞拉特一帶
2026-05-01T19:51:00+08:00,2026-05-01,41.2884957,2.0752427,timelinePath,,,巴塞隆納 / 蒙塞拉特一帶
2026-05-01T19:56:00+08:00,2026-05-01,41.2883997,2.0752367,timelinePath,,,巴塞隆納 / 蒙塞拉特一帶
2026-05-01T19:58:00+08:00,2026-05-01,41.2883783,2.0753223,timelinePath,,,巴塞隆納 / 蒙塞拉特一帶
2026-05-01T21:22:00+08:00,2026-05-01,41.2905799,2.0785183,timelinePath,,,巴塞隆納 / 蒙塞拉特一帶
2026-05-01T21:44:00+08:00,2026-05-01,41.2894039,2.0756156,timelinePath,,,巴塞隆納 / 蒙塞拉特一帶
2026-05-01T22:26:00+08:00,2026-05-01,41.2876251,2.0760839,timelinePath,,,巴塞隆納 / 蒙塞拉特一帶
2026-05-01T23:41:00+08:00,2026-05-01,41.2868791,2.0731076,timelinePath,,,巴塞隆納 / 蒙塞拉特一帶
2026-05-02T00:17:55+08:00,2026-05-02,41.2871278,2.0767839,activity_start,FLYING,5174633.0,巴塞隆納 / 蒙塞拉特一帶
2026-05-02T00:18:00+08:00,2026-05-02,41.2871278,2.0767839,timelinePath,,,巴塞隆納 / 蒙塞拉特一帶
2026-05-02T06:42:00+08:00,2026-05-02,25.2548122,55.3518885,timelinePath,,,杜拜機場 / 杜拜周邊
2026-05-02T06:42:06+08:00,2026-05-02,25.2548122,55.3518885,activity_end,FLYING,5174633.0,杜拜機場 / 杜拜周邊
2026-05-02T06:56:00+08:00,2026-05-02,25.2528075,55.3540787,timelinePath,,,杜拜機場 / 杜拜周邊
2026-05-02T07:10:00+08:00,2026-05-02,25.2506031,55.3558854,timelinePath,,,杜拜機場 / 杜拜周邊
2026-05-02T07:56:32+08:00,2026-05-02,25.2506187,55.3555631,activity_start,FLYING,6557338.5,杜拜機場 / 杜拜周邊
2026-05-02T07:57:00+08:00,2026-05-02,25.2506187,55.3555631,timelinePath,,,杜拜機場 / 杜拜周邊
2026-05-02T16:23:00+08:00,2026-05-02,25.0694053,121.2180989,timelinePath,,,台灣 / 桃園-新竹一帶
2026-05-02T16:27:00+08:00,2026-05-02,25.0792758,121.2302275,timelinePath,,,台灣 / 桃園-新竹一帶
2026-05-02T16:33:00+08:00,2026-05-02,25.0776242,121.2284746,timelinePath,,,台灣 / 桃園-新竹一帶
2026-05-02T16:38:49+08:00,2026-05-02,25.0785764,121.2309931,activity_end,FLYING,6557338.5,台灣 / 桃園-新竹一帶
2026-05-02T16:39:00+08:00,2026-05-02,25.0779044,121.2314605,timelinePath,,,台灣 / 桃園-新竹一帶
2026-05-02T17:17:59+08:00,2026-05-02,25.0773237,121.2333839,activity_start,IN_PASSENGER_VEHICLE,54944.3203125,台灣 / 桃園-新竹一帶
2026-05-02T17:18:00+08:00,2026-05-02,25.07783,121.2312494,timelinePath,,,台灣 / 桃園-新竹一帶
2026-05-02T17:19:00+08:00,2026-05-02,25.0773237,121.2333839,timelinePath,,,台灣 / 桃園-新竹一帶
2026-05-02T17:20:00+08:00,2026-05-02,25.0791689,121.2353184,timelinePath,,,台灣 / 桃園-新竹一帶
2026-05-02T17:21:00+08:00,2026-05-02,25.0730201,121.2246892,timelinePath,,,台灣 / 桃園-新竹一帶
2026-05-02T17:24:00+08:00,2026-05-02,25.0518766,121.2163099,timelinePath,,,台灣 / 桃園-新竹一帶
2026-05-02T17:25:00+08:00,2026-05-02,25.0393377,121.2238741,timelinePath,,,台灣 / 桃園-新竹一帶
2026-05-02T17:28:00+08:00,2026-05-02,25.0274171,121.2553968,timelinePath,,,台灣 / 桃園-新竹一帶
2026-05-02T17:29:00+08:00,2026-05-02,25.0274952,121.2603889,timelinePath,,,台灣 / 桃園-新竹一帶
2026-05-02T17:36:00+08:00,2026-05-02,24.9648001,121.2120546,timelinePath,,,台灣 / 桃園-新竹一帶
2026-05-02T17:42:00+08:00,2026-05-02,24.8995618,121.150625,timelinePath,,,台灣 / 桃園-新竹一帶
2026-05-02T17:45:00+08:00,2026-05-02,24.8927969,121.1049202,timelinePath,,,台灣 / 桃園-新竹一帶
2026-05-02T17:48:00+08:00,2026-05-02,24.8763175,121.0525188,timelinePath,,,台灣 / 桃園-新竹一帶
2026-05-02T17:49:00+08:00,2026-05-02,24.8760238,121.0296369,timelinePath,,,台灣 / 桃園-新竹一帶
2026-05-02T17:50:00+08:00,2026-05-02,24.8718542,121.0194487,timelinePath,,,台灣 / 桃園-新竹一帶
2026-05-02T17:51:00+08:00,2026-05-02,24.864616,121.0125229,timelinePath,,,台灣 / 桃園-新竹一帶
2026-05-02T17:52:00+08:00,2026-05-02,24.8548292,121.0120206,timelinePath,,,台灣 / 桃園-新竹一帶
2026-05-02T17:52:00+08:00,2026-05-02,24.8473496,121.0200573,timelinePath,,,台灣 / 桃園-新竹一帶
2026-05-02T17:53:00+08:00,2026-05-02,24.8385942,121.0222779,timelinePath,,,台灣 / 桃園-新竹一帶
2026-05-02T17:54:00+08:00,2026-05-02,24.8304038,121.0207532,timelinePath,,,台灣 / 桃園-新竹一帶
2026-05-02T17:56:00+08:00,2026-05-02,24.8230613,121.0151951,timelinePath,,,台灣 / 桃園-新竹一帶
2026-05-02T17:57:00+08:00,2026-05-02,24.8235693,121.0179206,timelinePath,,,台灣 / 桃園-新竹一帶
2026-05-02T17:59:00+08:00,2026-05-02,24.8201272,121.0292183,timelinePath,,,台灣 / 桃園-新竹一帶
2026-05-02T18:02:00+08:00,2026-05-02,24.814181,121.0349079,timelinePath,,,台灣 / 桃園-新竹一帶
2026-05-02T18:06:00+08:00,2026-05-02,24.8202275,121.0289963,timelinePath,,,台灣 / 桃園-新竹一帶
2026-05-02T18:08:00+08:00,2026-05-02,24.8243965,121.0320262,timelinePath,,,台灣 / 桃園-新竹一帶
2026-05-02T18:09:00+08:00,2026-05-02,24.8300782,121.0362367,timelinePath,,,台灣 / 桃園-新竹一帶
2026-05-02T18:19:45+08:00,2026-05-02,24.8365178,121.0152117,activity_end,IN_PASSENGER_VEHICLE,54944.3203125,台灣 / 桃園-新竹一帶
2026-05-02T18:20:00+08:00,2026-05-02,24.8365178,121.0152117,timelinePath,,,台灣 / 桃園-新竹一帶
2026-05-02T18:21:00+08:00,2026-05-02,24.8369747,121.0143366,timelinePath,,,台灣 / 桃園-新竹一帶
2026-05-02T18:21:06+08:00,2026-05-02,24.8369747,121.0143366,activity_end,WALKING,101.87853240966797,台灣 / 桃園-新竹一帶
2026-05-02T20:26:00+08:00,2026-05-02,24.8374662,121.0149345,timelinePath,,,台灣 / 桃園-新竹一帶
2026-05-02T20:26:16+08:00,2026-05-02,24.8374662,121.0149345,activity_start,CYCLING,511.532958984375,台灣 / 桃園-新竹一帶
2026-05-02T20:28:49+08:00,2026-05-02,24.833073,121.0143503,activity_end,CYCLING,511.532958984375,台灣 / 桃園-新竹一帶
2026-05-02T20:29:00+08:00,2026-05-02,24.833073,121.0143503,timelinePath,,,台灣 / 桃園-新竹一帶
2026-05-02T20:56:51+08:00,2026-05-02,24.8330371,121.0141299,activity_start,WALKING,289.7359619140625,台灣 / 桃園-新竹一帶
2026-05-02T20:57:00+08:00,2026-05-02,24.8330371,121.0141299,timelinePath,,,台灣 / 桃園-新竹一帶
2026-05-02T21:02:00+08:00,2026-05-02,24.8331487,121.0143362,timelinePath,,,台灣 / 桃園-新竹一帶
2026-05-02T21:02:07+08:00,2026-05-02,24.8331487,121.0143362,activity_end,WALKING,289.7359619140625,台灣 / 桃園-新竹一帶
2026-05-02T21:05:34+08:00,2026-05-02,24.8351409,121.0179519,activity_end,MOTORCYCLING,787.2181396484375,台灣 / 桃園-新竹一帶
2026-05-02T21:06:00+08:00,2026-05-02,24.8351409,121.0179519,timelinePath,,,台灣 / 桃園-新竹一帶
2026-05-02T21:20:00+08:00,2026-05-02,24.8351181,121.0179807,timelinePath,,,台灣 / 桃園-新竹一帶
2026-05-02T21:20:20+08:00,2026-05-02,24.8351181,121.0179807,activity_start,MOTORCYCLING,405.51263427734375,台灣 / 桃園-新竹一帶
2026-05-02T21:23:00+08:00,2026-05-02,24.8374225,121.0148661,timelinePath,,,台灣 / 桃園-新竹一帶
2026-05-02T21:23:13+08:00,2026-05-02,24.8374225,121.0148661,activity_end,MOTORCYCLING,405.51263427734375,台灣 / 桃園-新竹一帶
